# Feed Concentration,Volumetric Recovery Rate,LCOW,LCOW wrt Feed Flow,SEC,SEC wrt Feed,Number of Stages,Final Brine Concentration,Final Permeate Concentration (ppm),Annual Feed Flow,Annual Water Production,Pump Work In (kW),Pump Work Recovered (kW),Net Pump Work In (kW),Energy Recovery (%),Mass Water Recovery Rate (%),System Salt Rejection (%),Total Membrane Area,Total Capex LCOW,Total Opex LCOW,Primary Pump Capex LCOW,Recycle Pump Capex LCOW,ERD Capex LCOW,Membrane Capex LCOW,Indirect Capex LCOW,Electricity LCOW,Membrane Replacement LCOW,Chem-labor-maintenance LCOW,Pumping Energy Agg LCOW,Membrane Agg LCOW,Feed Pressure (bar)-Stage 1,Primary Pump SEC-Stage 1,Recycle Pump SEC-Stage 1,ERD SEC-Stage 1,Net SEC-Stage 1
5.000000e+00,3.000000e-01,3.723690e-01,1.117107e-01,1.397633e+00,4.192900e-01,1.000000e+00,7.119773e+00,5.398836e+01,2.840184e+04,8.520552e+03,2.266016e+00,-7.565720e-01,1.509444e+00,3.338776e+01,3.003630e+01,9.892559e+01,7.028674e+01,1.826260e-01,1.897430e-01,5.074271e-02,0.000000e+00,1.582305e-02,2.474725e-02,9.131301e-02,9.783433e-02,3.712088e-02,5.478781e-02,2.709053e-01,1.014637e-01,1.800837e+01,2.098163e+00,0.000000e+00,-7.005297e-01,1.397633e+00
5.000000e+00,3.375000e-01,3.472474e-01,1.171960e-01,1.332252e+00,4.496349e-01,1.000000e+00,7.519953e+00,5.353185e+01,2.840184e+04,9.585621e+03,2.365597e+00,-7.469115e-01,1.618686e+00,3.157391e+01,3.379084e+01,9.893467e+01,7.555829e+01,1.680913e-01,1.791561e-01,4.708677e-02,0.000000e+00,1.331149e-02,2.364738e-02,8.404564e-02,9.325762e-02,3.547108e-02,5.042739e-02,2.502931e-01,9.695427e-02,1.875523e+01,1.946994e+00,0.000000e+00,-6.147420e-01,1.332252e+00
5.000000e+00,3.750000e-01,3.267929e-01,1.225473e-01,1.279752e+00,4.799070e-01,1.000000e+00,7.967937e+00,5.352548e+01,2.840184e+04,1.065069e+04,2.460454e+00,-7.327891e-01,1.727665e+00,2.978268e+01,3.754538e+01,9.893480e+01,8.072293e+01,1.562340e-01,1.705589e-01,4.407739e-02,0.000000e+00,1.130224e-02,2.273738e-02,7.811701e-02,8.958263e-02,3.410607e-02,4.687021e-02,2.335697e-01,9.322326e-02,1.946666e+01,1.822559e+00,0.000000e+00,-5.428068e-01,1.279752e+00
5.000000e+00,4.125000e-01,3.098705e-01,1.278216e-01,1.237222e+00,5.103539e-01,1.000000e+00,8.472820e+00,5.392869e+01,2.840184e+04,1.171576e+04,2.552066e+00,-7.147916e-01,1.837274e+00,2.800835e+01,4.129991e+01,9.892677e+01,8.581212e+01,1.463883e-01,1.634823e-01,4.156232e-02,0.000000e+00,9.658306e-03,2.197351e-02,7.319414e-02,8.660552e-02,3.296027e-02,4.391648e-02,2.197791e-01,9.009140e-02,2.015374e+01,1.718563e+00,0.000000e+00,-4.813411e-01,1.237222e+00
5.000000e+00,4.500000e-01,2.957160e-01,1.330722e-01,1.202730e+00,5.412287e-01,1.000000e+00,9.046164e+00,5.473003e+01,2.840184e+04,1.278083e+04,2.641804e+00,-6.933808e-01,1.948423e+00,2.624649e+01,4.505444e+01,9.891083e+01,9.085307e+01,1.381049e-01,1.576110e-01,3.943846e-02,0.000000e+00,8.288368e-03,2.132563e-02,6.905246e-02,8.419113e-02,3.198844e-02,4.143148e-02,2.082809e-01,8.743508e-02,2.082678e+01,1.630743e+00,0.000000e+00,-4.280128e-01,1.202730e+00
5.000000e+00,4.875000e-01,2.838016e-01,1.383533e-01,1.174990e+00,5.728075e-01,1.000000e+00,9.702897e+00,5.594233e+01,2.840184e+04,1.384590e+04,2.731032e+00,-6.689244e-01,2.062107e+00,2.449347e+01,4.880897e+01,9.888670e+01,9.587126e+01,1.310720e-01,1.527296e-01,3.763431e-02,0.000000e+00,7.129192e-03,2.077249e-02,6.553600e-02,8.224929e-02,3.115874e-02,3.932160e-02,1.986344e-01,8.516722e-02,2.149599e+01,1.556143e+00,0.000000e+00,-3.811535e-01,1.174990e+00
5.000000e+00,5.250000e-01,2.737596e-01,1.437238e-01,1.153162e+00,6.054102e-01,1.000000e+00,1.046263e+01,5.760233e+01,2.840184e+04,1.491097e+04,2.821192e+00,-6.417156e-01,2.179477e+00,2.274626e+01,5.256348e+01,9.885366e+01,1.008928e+02,1.250690e-01,1.486906e-01,3.609984e-02,0.000000e+00,6.135616e-03,2.029905e-02,6.253450e-02,8.072136e-02,3.044857e-02,3.752070e-02,1.905335e-01,8.322610e-02,2.217219e+01,1.492694e+00,0.000000e+00,-3.395321e-01,1.153162e+00
5.000000e+00,5.625000e-01,2.653369e-01,1.492520e-01,1.136754e+00,6.394242e-01,1.000000e+00,1.135164e+01,5.977382e+01,2.840184e+04,1.597604e+04,2.913912e+00,-6.119844e-01,2.301927e+00,2.100216e+01,5.631799e+01,9.881045e+01,1.059470e+02,1.199398e-01,1.453970e-01,3.480052e-02,0.000000e+00,5.274521e-03,1.989487e-02,5.996991e-02,7.957279e-02,2.984230e-02,3.598194e-02,1.837679e-01,8.156895e-02,2.286759e+01,1.438969e+00,0.000000e+00,-3.022145e-01,1.136754e+00
5.000000e+00,6.000000e-01,2.583689e-01,1.550213e-01,1.125563e+00,6.753376e-01,1.000000e+00,1.240599e+01,6.255510e+01,2.840184e+04,1.704110e+04,3.011118e+00,-5.799023e-01,2.431215e+00,1.925871e+01,6.007248e+01,9.875509e+01,1.110701e+02,1.155765e-01,1.427923e-01,3.371385e-02,0.000000e+00,4.521069e-03,1.955334e-02,5.778826e-02,7.878939e-02,2.933000e-02,3.467295e-02,1.782002e-01,8.016867e-02,2.359663e+01,1.394036e+00,0.000000e+00,-2.684733e-01,1.125563e+00
5.000000e+00,6.375000e-01,2.527672e-01,1.611391e-01,1.119661e+00,7.137837e-01,1.000000e+00,1.367653e+01,6.609248e+01,2.840184e+04,1.810617e+04,3.115201e+00,-5.455792e-01,2.569621e+00,1.751345e+01,6.382695e+01,9.868469e+01,1.163111e+02,1.119105e-01,1.408567e-01,3.282749e-02,0.000000e+00,3.856264e-03,1.927151e-02,5.595527e-02,7.837625e-02,2.890727e-02,3.357316e-02,1.737540e-01,7.901320e-02,2.437726e+01,1.357386e+00,0.000000e+00,-2.377252e-01,1.119661e+00
5.000000e+00,6.750000e-01,2.485173e-01,1.677492e-01,1.119409e+00,7.556011e-01,1.000000e+00,1.523736e+01,7.060401e+01,2.840184e+04,1.917124e+04,3.229209e+00,-5.090452e-01,2.720164e+00,1.576377e+01,6.758141e+01,9.859490e+01,1.217435e+02,1.089094e-01,1.396079e-01,3.213840e-02,0.000000e+00,3.265333e-03,1.905095e-02,5.445469e-02,7.835864e-02,2.857643e-02,3.267282e-02,1.704084e-01,7.810891e-02,2.523232e+01,1.328893e+00,0.000000e+00,-2.094836e-01,1.119409e+00
5.000000e+00,7.125000e-01,2.456860e-01,1.750513e-01,1.125470e+00,8.018972e-01,1.000000e+00,1.720082e+01,7.642309e+01,2.840184e+04,2.023631e+04,3.357026e+00,-4.701963e-01,2.886830e+00,1.400633e+01,7.133583e+01,9.847909e+01,1.274931e+02,1.065786e-01,1.391074e-01,3.165204e-02,0.000000e+00,2.736617e-03,1.890064e-02,5.328930e-02,7.878288e-02,2.835097e-02,3.197358e-02,1.681934e-01,7.749264e-02,2.619095e+01,1.308782e+00,0.000000e+00,-1.833124e-01,1.125470e+00
5.000000e+00,7.500000e-01,2.444402e-01,1.833301e-01,1.138660e+00,8.539948e-01,1.000000e+00,1.974576e+01,8.409042e+01,2.840184e+04,2.130138e+04,3.502990e+00,-4.286088e-01,3.074381e+00,1.223551e+01,7.509021e+01,9.832649e+01,1.338283e+02,1.049710e-01,1.394692e-01,3.137686e-02,0.000000e+00,2.260785e-03,1.884783e-02,5.248548e-02,7.970618e-02,2.827174e-02,3.149129e-02,1.671641e-01,7.727610e-02,2.728568e+01,1.297404e+00,0.000000e+00,-1.587440e-01,1.138660e+00
5.000000e+00,7.875000e-01,2.450507e-01,1.929774e-01,1.158247e+00,9.121192e-01,1.000000e+00,2.317495e+01,9.464742e+01,2.840184e+04,2.236645e+04,3.666172e+00,-3.825425e-01,3.283629e+00,1.043439e+01,7.884452e+01,9.811638e+01,1.416547e+02,1.042103e-01,1.408404e-01,3.127477e-02,0.000000e+00,1.830291e-03,1.900007e-02,5.210513e-02,8.107727e-02,2.850010e-02,3.126308e-02,1.671504e-01,7.790029e-02,2.850954e+01,1.293182e+00,0.000000e+00,-1.349356e-01,1.158247e+00
5.000000e+00,8.250000e-01,2.456669e-01,2.026752e-01,9.975359e-01,8.229671e-01,1.000000e+00,2.802255e+01,1.148723e+02,2.840184e+04,2.343152e+04,3.203449e+00,-2.407675e-01,2.962681e+00,7.515885e+00,8.259862e+01,9.771384e+01,1.986465e+02,1.059150e-01,1.397519e-01,2.608530e-02,0.000000e+00,1.438960e-03,2.543324e-02,5.295750e-02,6.982751e-02,3.814986e-02,3.177450e-02,1.413906e-01,1.042763e-01,2.503912e+01,1.078602e+00,0.000000e+00,-8.106651e-02,9.975359e-01
5.000000e+00,8.625000e-01,2.406952e-01,2.075996e-01,9.655581e-01,8.327939e-01,1.000000e+00,3.562917e+01,1.142544e+02,2.840184e+04,2.449659e+04,3.182977e+00,-1.849187e-01,2.998058e+00,5.809616e+00,8.635311e+01,9.772614e+01,2.107806e+02,1.033738e-01,1.373214e-01,2.479170e-02,0.000000e+00,1.081715e-03,2.581347e-02,5.168688e-02,6.758907e-02,3.872020e-02,3.101213e-02,1.348599e-01,1.058352e-01,2.488557e+01,1.025113e+00,0.000000e+00,-5.955514e-02,9.655581e-01
5.000000e+00,9.000000e-01,2.357597e-01,2.121837e-01,9.476961e-01,8.529265e-01,1.000000e+00,4.893665e+01,1.124076e+02,2.840184e+04,2.556166e+04,3.205779e+00,-1.352436e-01,3.070535e+00,4.218743e+00,9.010764e+01,9.776290e+01,2.187174e+02,1.007053e-01,1.350544e-01,2.392891e-02,0.000000e+00,7.543447e-04,2.566939e-02,5.035265e-02,6.633872e-02,3.850409e-02,3.021159e-02,1.305152e-01,1.052445e-01,2.505659e+01,9.894379e-01,0.000000e+00,-4.174184e-02,9.476961e-01
1.218750e+01,3.000000e-01,4.674270e-01,1.402281e-01,1.914499e+00,5.743498e-01,1.000000e+00,1.735198e+01,1.357084e+02,2.840184e+04,8.520552e+03,3.210749e+00,-1.143090e+00,2.067659e+00,3.560196e+01,3.009011e+01,9.889195e+01,7.296881e+01,2.268266e-01,2.406003e-01,7.189803e-02,0.000000e+00,1.582370e-02,2.569158e-02,1.134133e-01,1.340150e-01,3.853737e-02,6.804799e-02,3.620915e-01,1.053355e-01,2.509387e+01,2.972916e+00,0.000000e+00,-1.058416e+00,1.914499e+00
1.218750e+01,3.375000e-01,4.361416e-01,1.471978e-01,1.824917e+00,6.159094e-01,1.000000e+00,1.832684e+01,1.346319e+02,2.840184e+04,9.585621e+03,3.341437e+00,-1.124163e+00,2.217274e+00,3.364310e+01,3.385138e+01,9.890074e+01,7.860057e+01,2.088447e-01,2.272969e-01,6.651068e-02,0.000000e+00,1.331217e-02,2.459952e-02,1.044224e-01,1.277442e-01,3.689928e-02,6.265342e-02,3.352836e-01,1.008580e-01,2.607403e+01,2.750154e+00,0.000000e+00,-9.252370e-01,1.824917e+00
1.218750e+01,3.750000e-01,4.110832e-01,1.541562e-01,1.755222e+00,6.582081e-01,1.000000e+00,1.941808e+01,1.346895e+02,2.840184e+04,1.065069e+04,3.469888e+00,-1.100339e+00,2.369549e+00,3.171108e+01,3.761265e+01,9.890027e+01,8.417685e+01,1.943479e-01,2.167353e-01,6.216073e-02,0.000000e+00,1.130296e-02,2.371025e-02,9.717395e-02,1.228655e-01,3.556538e-02,5.830437e-02,3.138711e-01,9.721204e-02,2.703741e+01,2.570288e+00,0.000000e+00,-8.150661e-01,1.755222e+00
1.218750e+01,4.125000e-01,3.907413e-01,1.611808e-01,1.700857e+00,7.016034e-01,1.000000e+00,2.064782e+01,1.357807e+02,2.840184e+04,1.171576e+04,3.597907e+00,-1.072135e+00,2.525772e+00,2.979885e+01,4.137390e+01,9.889136e+01,8.974617e+01,1.824692e-01,2.082721e-01,5.859464e-02,0.000000e+00,9.659076e-03,2.298089e-02,9.123460e-02,1.190600e-01,3.447133e-02,5.474076e-02,2.965196e-01,9.422163e-02,2.799755e+01,2.422833e+00,0.000000e+00,-7.219765e-01,1.700857e+00
1.218750e+01,4.500000e-01,3.741084e-01,1.683488e-01,1.658791e+00,7.464557e-01,1.000000e+00,2.204419e+01,1.378825e+02,2.840184e+04,1.278083e+04,3.727122e+00,-1.039881e+00,2.687241e+00,2.790038e+01,4.513514e+01,9.887419e+01,9.536291e+01,1.726283e-01,2.014801e-01,5.564075e-02,0.000000e+00,8.289187e-03,2.238421e-02,8.631415e-02,1.161153e-01,3.357631e-02,5.178849e-02,2.823332e-01,9.177526e-02,2.896666e+01,2.300693e+00,0.000000e+00,-6.419020e-01,1.658791e+00
1.218750e+01,4.875000e-01,3.604949e-01,1.757413e-01,1.626909e+00,7.931182e-01,1.000000e+00,2.364346e+01,1.410446e+02,2.840184e+04,1.384590e+04,3.858928e+00,-1.003702e+00,2.855226e+00,2.600987e+01,4.889637e+01,9.884837e+01,1.011007e+02,1.644253e-01,1.960696e-01,5.317701e-02,0.000000e+00,7.130068e-03,2.190556e-02,8.221265e-02,1.138836e-01,3.285835e-02,4.932759e-02,2.706821e-01,8.981282e-02,2.995521e+01,2.198819e+00,0.000000e+00,-5.719101e-01,1.626909e+00
1.218750e+01,5.250000e-01,3.494198e-01,1.834454e-01,1.603556e+00,8.418670e-01,1.000000e+00,2.549322e+01,1.454094e+02,2.840184e+04,1.491097e+04,3.994119e+00,-9.633978e-01,3.030721e+00,2.412041e+01,5.265757e+01,9.881273e+01,1.070844e+02,1.575798e-01,1.918400e-01,5.110856e-02,0.000000e+00,6.136558e-03,2.154476e-02,7.878988e-02,1.122489e-01,3.231714e-02,4.727393e-02,2.610862e-01,8.833353e-02,3.096914e+01,2.113291e+00,0.000000e+00,-5.097343e-01,1.603556e+00
1.218750e+01,5.625000e-01,3.405370e-01,1.915521e-01,1.586844e+00,8.926000e-01,1.000000e+00,2.765709e+01,1.513024e+02,2.840184e+04,1.597604e+04,4.131350e+00,-9.179898e-01,3.213360e+00,2.222009e+01,5.641875e+01,9.876461e+01,1.135946e+02,1.518934e-01,1.886435e-01,4.934025e-02,0.000000e+00,5.275540e-03,2.133093e-02,7.594672e-02,1.110791e-01,3.199640e-02,4.556803e-02,2.530802e-01,8.745682e-02,3.199837e+01,2.040173e+00,0.000000e+00,-4.533283e-01,1.586844e+00
1.218750e+01,6.000000e-01,3.335467e-01,2.001280e-01,1.571859e+00,9.431155e-01,1.000000e+00,3.022136e+01,1.597246e+02,2.840184e+04,1.704110e+04,4.258481e+00,-8.632652e-01,3.395216e+00,2.027167e+01,6.017987e+01,9.869583e+01,1.216308e+02,1.472291e-01,1.863176e-01,4.767990e-02,0.000000e+00,4.522176e-03,2.141249e-02,7.361456e-02,1.100301e-01,3.211873e-02,4.416874e-02,2.457555e-01,8.779119e-02,3.295186e+01,1.971519e+00,0.000000e+00,-3.996598e-01,1.571859e+00
1.218750e+01,6.375000e-01,3.263819e-01,2.080685e-01,1.388256e+00,8.850133e-01,1.000000e+00,3.327359e+01,1.910990e+02,2.840184e+04,1.810617e+04,3.823398e+00,-6.373504e-01,3.186048e+00,1.666974e+01,6.394063e+01,9.843962e+01,1.684310e+02,1.441101e-01,1.822718e-01,4.029037e-02,0.000000e+00,3.857472e-03,2.790722e-02,7.205506e-02,9.717793e-02,4.186083e-02,4.323304e-02,2.119623e-01,1.144196e-01,2.968874e+01,1.665969e+00,0.000000e+00,-2.777126e-01,1.388256e+00
1.218750e+01,6.750000e-01,3.166263e-01,2.137228e-01,1.337512e+00,9.028209e-01,1.000000e+00,3.708605e+01,1.913420e+02,2.840184e+04,1.917124e+04,3.811432e+00,-5.612768e-01,3.250155e+00,1.472614e+01,6.770184e+01,9.843764e+01,1.806172e+02,1.389267e-01,1.776996e-01,3.793292e-02,0.000000e+00,3.266674e-03,2.826378e-02,6.946337e-02,9.362587e-02,4.239567e-02,4.167802e-02,2.007448e-01,1.158815e-01,2.959899e+01,1.568491e+00,0.000000e+00,-2.309781e-01,1.337512e+00
1.218750e+01,7.125000e-01,3.074965e-01,2.190912e-01,1.302062e+00,9.277191e-01,1.000000e+00,4.189489e+01,1.899421e+02,2.840184e+04,2.023631e+04,3.837197e+00,-4.974084e-01,3.339789e+00,1.296280e+01,7.146308e+01,9.844907e+01,1.894754e+02,1.340139e-01,1.734826e-01,3.617938e-02,0.000000e+00,2.738121e-03,2.808942e-02,6.700693e-02,9.114434e-02,4.213414e-02,4.020416e-02,1.923298e-01,1.151666e-01,2.979223e+01,1.495983e+00,0.000000e+00,-1.939214e-01,1.302062e+00
1.218750e+01,7.500000e-01,2.990572e-01,2.242929e-01,1.272484e+00,9.543632e-01,1.000000e+00,4.814485e+01,1.878403e+02,2.840184e+04,2.130138e+04,3.871265e+00,-4.355572e-01,3.435707e+00,1.125103e+01,7.522433e+01,9.846623e+01,1.973310e+02,1.294587e-01,1.695985e-01,3.467556e-02,0.000000e+00,2.262500e-03,2.779130e-02,6.472936e-02,8.907390e-02,4.168695e-02,3.883762e-02,1.851129e-01,1.139443e-01,3.004774e+01,1.433802e+00,0.000000e+00,-1.613175e-01,1.272484e+00
1.218750e+01,7.875000e-01,2.912687e-01,2.293741e-01,1.246555e+00,9.816623e-01,1.000000e+00,5.659570e+01,1.850136e+02,2.840184e+04,2.236645e+04,3.907562e+00,-3.735778e-01,3.533984e+00,9.560381e+00,7.898560e+01,9.848932e+01,2.047121e+02,1.252484e-01,1.660203e-01,3.333398e-02,0.000000e+00,1.832284e-03,2.745793e-02,6.262420e-02,8.725887e-02,4.118690e-02,3.757452e-02,1.786912e-01,1.125775e-01,3.031996e+01,1.378329e+00,0.000000e+00,-1.317735e-01,1.246555e+00
1.218750e+01,8.250000e-01,2.840732e-01,2.343604e-01,1.223319e+00,1.009238e+00,1.000000e+00,6.865536e+01,1.810406e+02,2.840184e+04,2.343152e+04,3.944012e+00,-3.107559e-01,3.633256e+00,7.879182e+00,8.274690e+01,9.852176e+01,2.118225e+02,1.213543e-01,1.627189e-01,3.211561e-02,0.000000e+00,1.441342e-03,2.712020e-02,6.067715e-02,8.563230e-02,4.068030e-02,3.640629e-02,1.728804e-01,1.111928e-01,3.059334e+01,1.327950e+00,0.000000e+00,-1.046316e-01,1.223319e+00
1.218750e+01,8.625000e-01,2.774123e-01,2.392681e-01,1.202238e+00,1.036930e+00,1.000000e+00,8.725463e+01,1.748648e+02,2.840184e+04,2.449659e+04,3.979788e+00,-2.468392e-01,3.732948e+00,6.202321e+00,8.650825e+01,9.857220e+01,2.187582e+02,1.177461e-01,1.596662e-01,3.099793e-02,0.000000e+00,1.084664e-03,2.679045e-02,5.887305e-02,8.415665e-02,4.018568e-02,3.532383e-02,1.675714e-01,1.098409e-01,3.086166e+01,1.281735e+00,0.000000e+00,-7.949733e-02,1.202238e+00
1.218750e+01,9.000000e-01,2.712312e-01,2.441081e-01,1.182956e+00,1.064660e+00,1.000000e+00,1.196540e+02,1.638776e+02,2.840184e+04,2.556166e+04,4.014561e+00,-1.817853e-01,3.832776e+00,4.528148e+00,9.026972e+01,9.866192e+01,2.255693e+02,1.143954e-01,1.568358e-01,2.996591e-02,0.000000e+00,7.582159e-04,2.647356e-02,5.719769e-02,8.280689e-02,3.971034e-02,3.431861e-02,1.626896e-01,1.085416e-01,3.112246e+01,1.239062e+00,0.000000e+00,-5.610656e-02,1.182956e+00
1.937500e+01,3.000000e-01,5.626690e-01,1.688007e-01,2.430289e+00,7.290867e-01,1.000000e+00,2.758009e+01,2.230068e+02,2.840184e+04,8.520552e+03,4.151673e+00,-1.526961e+00,2.624712e+00,3.677942e+01,3.014580e+01,9.885456e+01,7.598334e+01,2.710918e-01,2.915772e-01,9.296807e-02,0.000000e+00,1.582485e-02,2.675296e-02,1.355459e-01,1.701202e-01,4.012945e-02,8.132753e-02,4.529818e-01,1.096872e-01,3.215080e+01,3.844142e+00,0.000000e+00,-1.413853e+00,2.430289e+00
1.937500e+01,3.375000e-01,5.250219e-01,1.771949e-01,2.314557e+00,7.811629e-01,1.000000e+00,2.912848e+01,2.216103e+02,2.840184e+04,9.585621e+03,4.308870e+00,-1.496683e+00,2.812186e+00,3.473494e+01,3.391404e+01,9.886173e+01,8.213496e+01,2.495726e-01,2.754493e-01,8.576725e-02,0.000000e+00,1.331338e-02,2.570568e-02,1.247863e-01,1.620190e-01,3.855852e-02,7.487179e-02,4.196286e-01,1.053933e-01,3.332977e+01,3.546395e+00,0.000000e+00,-1.231838e+00,2.314557e+00
1.937500e+01,3.750000e-01,4.951138e-01,1.856677e-01,2.224776e+00,8.342912e-01,1.000000e+00,3.086140e+01,2.222708e+02,2.840184e+04,1.065069e+04,4.463407e+00,-1.459958e+00,3.003448e+00,3.270951e+01,3.768226e+01,9.885834e+01,8.840518e+01,2.323289e-01,2.627849e-01,7.995895e-02,0.000000e+00,1.130424e-02,2.490125e-02,1.161644e-01,1.557344e-01,3.735188e-02,6.969866e-02,3.930186e-01,1.020951e-01,3.448880e+01,3.306227e+00,0.000000e+00,-1.081451e+00,2.224776e+00
1.937500e+01,4.125000e-01,4.710199e-01,1.942957e-01,2.153760e+00,8.884260e-01,1.000000e+00,3.281371e+01,2.250591e+02,2.840184e+04,1.171576e+04,4.614450e+00,-1.416116e+00,3.198334e+00,3.068873e+01,4.145046e+01,9.884402e+01,9.501202e+01,2.182790e-01,2.527408e-01,7.514981e-02,0.000000e+00,9.660429e-03,2.432929e-02,1.091395e-01,1.507632e-01,3.649393e-02,6.548371e-02,3.712698e-01,9.975008e-02,3.562162e+01,3.107374e+00,0.000000e+00,-9.536136e-01,2.153760e+00
1.937500e+01,4.500000e-01,4.514017e-01,2.031308e-01,2.094389e+00,9.424751e-01,1.000000e+00,3.502915e+01,2.307157e+02,2.840184e+04,1.278083e+04,4.754792e+00,-1.361882e+00,3.392910e+00,2.864230e+01,4.521862e+01,9.881496e+01,1.025423e+02,2.066849e-01,2.447168e-01,7.098244e-02,0.000000e+00,8.290625e-03,2.406940e-02,1.033425e-01,1.466072e-01,3.610410e-02,6.200548e-02,3.527172e-01,9.868454e-02,3.667419e+01,2.935057e+00,0.000000e+00,-8.406678e-01,2.094389e+00
1.937500e+01,4.875000e-01,4.350814e-01,2.121022e-01,2.022001e+00,9.857254e-01,1.000000e+00,3.755882e+01,2.454932e+02,2.840184e+04,1.384590e+04,4.819155e+00,-1.270544e+00,3.548612e+00,2.636445e+01,4.898666e+01,9.873904e+01,1.151971e+02,1.970012e-01,2.380802e-01,6.640919e-02,0.000000e+00,7.131602e-03,2.495983e-02,9.850062e-02,1.415401e-01,3.743974e-02,5.910037e-02,3.327461e-01,1.023353e-01,3.715691e+01,2.745957e+00,0.000000e+00,-7.239564e-01,2.022001e+00
1.937500e+01,5.250000e-01,4.174715e-01,2.191725e-01,1.816252e+00,9.535325e-01,1.000000e+00,4.046185e+01,2.811949e+02,2.840184e+04,1.491097e+04,4.445473e+00,-1.012756e+00,3.432717e+00,2.278173e+01,5.275442e+01,9.855562e+01,1.533235e+02,1.877401e-01,2.297314e-01,5.688405e-02,0.000000e+00,6.138194e-03,3.084780e-02,9.387005e-02,1.271377e-01,4.627171e-02,5.632203e-02,2.909955e-01,1.264760e-01,3.435430e+01,2.352102e+00,0.000000e+00,-5.358495e-01,1.816252e+00
1.937500e+01,5.625000e-01,4.009765e-01,2.255493e-01,1.747452e+00,9.829420e-01,1.000000e+00,4.390270e+01,2.798163e+02,2.840184e+04,1.597604e+04,4.467342e+00,-9.287509e-01,3.538591e+00,2.078979e+01,5.652261e+01,9.856270e+01,1.639377e+02,1.788294e-01,2.221471e-01,5.335297e-02,0.000000e+00,5.277307e-03,3.078443e-02,8.941470e-02,1.223217e-01,4.617664e-02,5.364882e-02,2.747604e-01,1.262161e-01,3.451832e+01,2.206095e+00,0.000000e+00,-4.586424e-01,1.747452e+00
1.937500e+01,6.000000e-01,3.861087e-01,2.316652e-01,1.691639e+00,1.014983e+00,1.000000e+00,4.798974e+01,2.767353e+02,2.840184e+04,1.704110e+04,4.506412e+00,-8.524723e-01,3.653939e+00,1.891688e+01,6.029083e+01,9.857853e+01,1.728302e+02,1.708117e-01,2.152970e-01,5.045585e-02,0.000000e+00,4.524098e-03,3.042588e-02,8.540583e-02,1.184147e-01,4.563882e-02,5.124350e-02,2.613626e-01,1.247461e-01,3.481134e+01,2.086302e+00,0.000000e+00,-3.946631e-01,1.691639e+00
1.937500e+01,6.375000e-01,3.726991e-01,2.375957e-01,1.643609e+00,1.047801e+00,1.000000e+00,5.292141e+01,2.729753e+02,2.840184e+04,1.810617e+04,4.549916e+00,-7.778329e-01,3.772083e+00,1.709554e+01,6.405906e+01,9.859785e+01,1.809898e+02,1.635879e-01,2.091111e-01,4.794630e-02,0.000000e+00,3.859584e-03,2.998808e-02,8.179396e-02,1.150527e-01,4.498212e-02,4.907638e-02,2.497480e-01,1.229511e-01,3.513762e+01,1.982534e+00,0.000000e+00,-3.389250e-01,1.643609e+00
1.937500e+01,6.750000e-01,3.605634e-01,2.433803e-01,1.601284e+00,1.080867e+00,1.000000e+00,5.898840e+01,2.687314e+02,2.840184e+04,1.917124e+04,4.594129e+00,-7.030076e-01,3.891121e+00,1.530231e+01,6.782731e+01,9.861965e+01,1.887436e+02,1.570541e-01,2.035093e-01,4.572264e-02,0.000000e+00,3.269006e-03,2.953543e-02,7.852707e-02,1.120899e-01,4.430315e-02,4.711624e-02,2.394682e-01,1.210953e-01,3.546921e+01,1.890588e+00,0.000000e+00,-2.893035e-01,1.601284e+00
1.937500e+01,7.125000e-01,3.495365e-01,2.490447e-01,1.563483e+00,1.113982e+00,1.000000e+00,6.663250e+01,2.639168e+02,2.840184e+04,2.023631e+04,4.637625e+00,-6.272901e-01,4.010335e+00,1.352611e+01,7.159558e+01,9.864439e+01,1.962402e+02,1.511186e-01,1.984179e-01,4.372629e-02,0.000000e+00,2.740725e-03,2.909229e-02,7.555931e-02,1.094438e-01,4.363843e-02,4.533558e-02,2.302581e-01,1.192784e-01,3.579544e+01,1.808041e+00,0.000000e+00,-2.445575e-01,1.563483e+00
1.937500e+01,7.500000e-01,3.394761e-01,2.546071e-01,1.529419e+00,1.147065e+00,1.000000e+00,7.655869e+01,2.582359e+02,2.840184e+04,2.130138e+04,4.679822e+00,-5.503895e-01,4.129432e+00,1.176091e+01,7.536387e+01,9.867357e+01,2.035579e+02,1.457033e-01,1.937728e-01,4.191794e-02,0.000000e+00,2.265446e-03,2.866828e-02,7.285166e-02,1.070594e-01,4.300241e-02,4.371100e-02,2.219362e-01,1.175399e-01,3.611191e+01,1.733267e+00,0.000000e+00,-2.038480e-01,1.529419e+00
1.937500e+01,7.875000e-01,3.302616e-01,2.600810e-01,1.498516e+00,1.180082e+00,1.000000e+00,8.996449e+01,2.511168e+02,2.840184e+04,2.236645e+04,4.720495e+00,-4.722006e-01,4.248294e+00,1.000320e+01,7.913220e+01,9.871015e+01,2.107425e+02,1.407425e-01,1.895191e-01,4.026882e-02,0.000000e+00,1.835675e-03,2.826678e-02,7.037127e-02,1.048962e-01,4.240017e-02,4.222276e-02,2.143678e-01,1.158938e-01,3.641696e+01,1.665078e+00,0.000000e+00,-1.665611e-01,1.498516e+00
1.937500e+01,8.250000e-01,3.217905e-01,2.654771e-01,1.470328e+00,1.213020e+00,1.000000e+00,1.090589e+02,2.415127e+02,2.840184e+04,2.343152e+04,4.759590e+00,-3.927175e-01,4.366873e+00,8.251078e+00,8.290059e+01,9.875949e+01,2.178218e+02,1.361808e-01,1.856096e-01,3.875677e-02,0.000000e+00,1.445337e-03,2.788831e-02,6.809041e-02,1.029229e-01,4.183246e-02,4.085425e-02,2.074484e-01,1.143421e-01,3.671018e+01,1.602556e+00,0.000000e+00,-1.322281e-01,1.470328e+00
1.937500e+01,8.625000e-01,3.139747e-01,2.708032e-01,1.444487e+00,1.245870e+00,1.000000e+00,1.384068e+02,2.274876e+02,2.840184e+04,2.449659e+04,4.797142e+00,-3.120089e-01,4.485133e+00,6.504058e+00,8.666909e+01,9.883154e+01,2.248130e+02,1.319713e-01,1.820034e-01,3.736418e-02,0.000000e+00,1.089522e-03,2.753195e-02,6.598565e-02,1.011141e-01,4.129793e-02,3.959139e-02,2.010937e-01,1.128810e-01,3.699182e+01,1.544973e+00,0.000000e+00,-1.004860e-01,1.444487e+00
1.937500e+01,9.000000e-01,3.067377e-01,2.760639e-01,1.420676e+00,1.278609e+00,1.000000e+00,1.891647e+02,2.055182e+02,2.840184e+04,2.556166e+04,4.833238e+00,-2.302461e-01,4.602992e+00,4.763806e+00,9.043779e+01,9.894440e+01,2.317244e+02,1.280742e-01,1.786635e-01,3.607676e-02,0.000000e+00,7.644044e-04,2.719594e-02,6.403710e-02,9.944735e-02,4.079390e-02,3.842226e-02,1.952344e-01,1.115033e-01,3.726253e+01,1.491740e+00,0.000000e+00,-7.106360e-02,1.420676e+00
2.656250e+01,3.000000e-01,6.580838e-01,1.974251e-01,2.941073e+00,8.823220e-01,1.000000e+00,3.780209e+01,3.186003e+02,2.840184e+04,8.520552e+03,5.078476e+00,-1.902117e+00,3.176359e+00,3.745448e+01,3.020332e+01,9.880627e+01,7.992903e+01,3.153811e-01,3.427028e-01,1.137219e-01,0.000000e+00,1.582646e-02,2.814220e-02,1.576905e-01,2.058751e-01,4.221330e-02,9.461432e-02,5.427008e-01,1.153830e-01,3.910182e+01,4.702292e+00,0.000000e+00,-1.761219e+00,2.941073e+00
2.656250e+01,3.375000e-01,6.136949e-01,2.071220e-01,2.792093e+00,9.423315e-01,1.000000e+00,3.992125e+01,3.193523e+02,2.840184e+04,9.585621e+03,5.243710e+00,-1.851317e+00,3.392393e+00,3.530547e+01,3.397873e+01,9.880345e+01,8.748163e+01,2.901383e-01,3.235565e-01,1.043751e-01,0.000000e+00,1.331507e-02,2.737902e-02,1.450692e-01,1.954465e-01,4.106853e-02,8.704149e-02,5.014409e-01,1.122540e-01,4.034107e+01,4.315811e+00,0.000000e+00,-1.523717e+00,2.792093e+00
2.656250e+01,3.750000e-01,5.782400e-01,2.168400e-01,2.662105e+00,9.982892e-01,1.000000e+00,4.228929e+01,3.282129e+02,2.840184e+04,1.065069e+04,5.368544e+00,-1.774703e+00,3.593841e+00,3.305743e+01,3.775407e+01,9.877025e+01,9.736718e+01,2.698110e-01,3.084290e-01,9.617388e-02,0.000000e+00,1.130602e-02,2.742560e-02,1.349055e-01,1.863473e-01,4.113840e-02,8.094330e-02,4.657951e-01,1.124450e-01,4.127733e+01,3.976699e+00,0.000000e+00,-1.314595e+00,2.662105e+00
2.656250e+01,4.125000e-01,5.471792e-01,2.257114e-01,2.423216e+00,9.995764e-01,1.000000e+00,4.492678e+01,3.816053e+02,2.840184e+04,1.171576e+04,5.107705e+00,-1.509230e+00,3.598475e+00,2.954810e+01,4.152894e+01,9.857014e+01,1.296894e+02,2.521082e-01,2.950710e-01,8.318284e-02,0.000000e+00,9.662296e-03,3.320897e-02,1.260541e-01,1.696251e-01,4.981346e-02,7.563247e-02,4.110224e-01,1.361568e-01,3.932104e+01,3.439532e+00,0.000000e+00,-1.016316e+00,2.423216e+00
2.656250e+01,4.500000e-01,5.183880e-01,2.332746e-01,2.295033e+00,1.032765e+00,1.000000e+00,4.795767e+01,3.834282e+02,2.840184e+04,1.278083e+04,5.111343e+00,-1.393390e+00,3.717953e+00,2.726074e+01,4.530428e+01,9.856330e+01,1.431673e+02,2.364061e-01,2.819819e-01,7.630525e-02,0.000000e+00,8.292610e-03,3.360517e-02,1.182030e-01,1.606523e-01,5.040776e-02,7.092182e-02,3.806067e-01,1.377812e-01,3.934832e+01,3.155150e+00,0.000000e+00,-8.601173e-01,2.295033e+00
2.656250e+01,4.875000e-01,4.931690e-01,2.404199e-01,2.196521e+00,1.070804e+00,1.000000e+00,5.143643e+01,3.789953e+02,2.840184e+04,1.384590e+04,5.154771e+00,-1.299876e+00,3.854894e+00,2.521696e+01,4.907969e+01,9.857992e+01,1.532913e+02,2.227630e-01,2.704060e-01,7.103406e-02,0.000000e+00,7.133723e-03,3.321373e-02,1.113815e-01,1.537565e-01,4.982059e-02,6.682891e-02,3.569927e-01,1.361763e-01,3.967403e+01,2.937191e+00,0.000000e+00,-7.406703e-01,2.196521e+00
2.656250e+01,5.250000e-01,4.710207e-01,2.472858e-01,2.113886e+00,1.109790e+00,1.000000e+00,5.546492e+01,3.730513e+02,2.840184e+04,1.491097e+04,5.206381e+00,-1.211136e+00,3.995245e+00,2.326254e+01,5.285512e+01,9.860220e+01,1.622868e+02,2.108245e-01,2.601961e-01,6.662060e-02,0.000000e+00,6.140479e-03,3.265117e-02,1.054123e-01,1.479720e-01,4.897676e-02,6.324735e-02,3.371508e-01,1.338698e-01,4.006111e+01,2.754699e+00,0.000000e+00,-6.408129e-01,2.113886e+00
2.656250e+01,5.625000e-01,4.514433e-01,2.539368e-01,2.042568e+00,1.148945e+00,1.000000e+00,6.018289e+01,3.665593e+02,2.840184e+04,1.597604e+04,5.259446e+00,-1.123246e+00,4.136201e+00,2.135673e+01,5.663058e+01,9.862653e+01,1.706998e+02,2.002940e-01,2.511493e-01,6.281298e-02,0.000000e+00,5.279769e-03,3.205423e-02,1.001470e-01,1.429798e-01,4.808134e-02,6.008819e-02,3.200209e-01,1.314223e-01,4.045910e+01,2.597257e+00,0.000000e+00,-5.546892e-01,2.042568e+00
2.656250e+01,6.000000e-01,4.340214e-01,2.604128e-01,1.980030e+00,1.188018e+00,1.000000e+00,6.578286e+01,3.597520e+02,2.840184e+04,1.704110e+04,5.311670e+00,-1.034806e+00,4.276864e+00,1.948175e+01,6.040605e+01,9.865204e+01,1.787554e+02,1.909353e-01,2.430861e-01,5.947189e-02,0.000000e+00,4.526766e-03,3.146898e-02,9.546763e-02,1.386021e-01,4.720346e-02,5.728058e-02,3.049986e-01,1.290228e-01,4.085077e+01,2.459106e+00,0.000000e+00,-4.790769e-01,1.980030e+00
2.656250e+01,6.375000e-01,4.184186e-01,2.667419e-01,1.924584e+00,1.226923e+00,1.000000e+00,7.253667e+01,3.525888e+02,2.840184e+04,1.810617e+04,5.362165e+00,-9.452440e-01,4.416921e+00,1.762803e+01,6.418154e+01,9.867889e+01,1.865680e+02,1.825609e-01,2.358577e-01,5.650565e-02,0.000000e+00,3.862494e-03,3.091233e-02,9.128047e-02,1.347209e-01,4.636849e-02,5.476828e-02,2.916781e-01,1.267405e-01,4.122949e+01,2.336455e+00,0.000000e+00,-4.118710e-01,1.924584e+00
2.656250e+01,6.750000e-01,4.043630e-01,2.729450e-01,1.875014e+00,1.265635e+00,1.000000e+00,8.084064e+01,3.448631e+02,2.840184e+04,1.917124e+04,5.410607e+00,-8.543228e-01,4.556284e+00,1.578978e+01,6.795705e+01,9.870785e+01,1.942032e+02,1.750211e-01,2.293420e-01,5.384856e-02,0.000000e+00,3.272206e-03,3.038976e-02,8.751053e-02,1.312510e-01,4.558464e-02,5.250632e-02,2.797650e-01,1.245980e-01,4.159280e+01,2.226587e+00,0.000000e+00,-3.515732e-01,1.875014e+00
2.656250e+01,7.125000e-01,3.916333e-01,2.790387e-01,1.830393e+00,1.304155e+00,1.000000e+00,9.129561e+01,3.362062e+02,2.840184e+04,2.023631e+04,5.456921e+00,-7.619626e-01,4.694959e+00,1.396323e+01,7.173259e+01,9.874029e+01,2.017014e+02,1.681946e-01,2.234388e-01,5.145111e-02,0.000000e+00,2.744280e-03,2.990190e-02,8.409729e-02,1.281275e-01,4.485285e-02,5.045837e-02,2.690355e-01,1.225978e-01,4.194016e+01,2.127455e+00,0.000000e+00,-2.970614e-01,1.830393e+00
2.656250e+01,7.500000e-01,3.800481e-01,2.850361e-01,1.789994e+00,1.342496e+00,1.000000e+00,1.048578e+02,3.260324e+02,2.840184e+04,2.130138e+04,5.501150e+00,-6.681647e-01,4.832985e+00,1.214591e+01,7.550818e+01,9.877842e+01,2.090890e+02,1.619828e-01,2.180653e-01,4.927471e-02,0.000000e+00,2.269443e-03,2.944725e-02,8.099141e-02,1.252996e-01,4.417088e-02,4.859484e-02,2.593144e-01,1.207337e-01,4.227187e+01,2.037463e+00,0.000000e+00,-2.474684e-01,1.789994e+00
2.656250e+01,7.875000e-01,3.694573e-01,2.909476e-01,1.753231e+00,1.380669e+00,1.000000e+00,1.231456e+02,3.134260e+02,2.840184e+04,2.236645e+04,5.543391e+00,-5.729823e-01,4.970409e+00,1.033631e+01,7.928382e+01,9.882566e+01,2.163836e+02,1.563046e-01,2.131527e-01,4.728864e-02,0.000000e+00,1.840239e-03,2.902342e-02,7.815230e-02,1.227261e-01,4.353514e-02,4.689138e-02,2.504612e-01,1.189960e-01,4.258868e+01,1.955341e+00,0.000000e+00,-2.021101e-01,1.753231e+00
2.656250e+01,8.250000e-01,3.597349e-01,2.967813e-01,1.719614e+00,1.418682e+00,1.000000e+00,1.491271e+02,2.969631e+02,2.840184e+04,2.343152e+04,5.583769e+00,-4.765150e-01,5.107254e+00,8.533931e+00,8.305957e+01,9.888736e+01,2.235968e+02,1.510926e-01,2.086423e-01,4.546795e-02,0.000000e+00,1.450652e-03,2.862770e-02,7.554630e-02,1.203730e-01,4.294155e-02,4.532778e-02,2.423613e-01,1.173736e-01,4.289152e+01,1.880057e+00,0.000000e+00,-1.604428e-01,1.719614e+00
2.656250e+01,8.625000e-01,3.507742e-01,3.025427e-01,1.688725e+00,1.456526e+00,1.000000e+00,1.888803e+02,2.745150e+02,2.840184e+04,2.449659e+04,5.622423e+00,-3.789309e-01,5.243492e+00,6.739637e+00,8.683548e+01,9.897148e+01,2.307350e+02,1.462905e-01,2.044837e-01,4.379215e-02,0.000000e+00,1.095880e-03,2.825720e-02,7.314524e-02,1.182108e-01,4.238580e-02,4.388714e-02,2.349197e-01,1.158545e-01,4.318142e+01,1.810764e+00,0.000000e+00,-1.220389e-01,1.688725e+00
2.656250e+01,9.000000e-01,3.424818e-01,3.082336e-01,1.660176e+00,1.494158e+00,1.000000e+00,2.570237e+02,2.433372e+02,2.840184e+04,2.556166e+04,5.659510e+00,-2.805406e-01,5.378969e+00,4.956976e+00,9.061161e+01,9.908832e+01,2.377988e+02,1.418509e-01,2.006308e-01,4.224431e-02,0.000000e+00,7.722981e-04,2.790885e-02,7.092545e-02,1.162123e-01,4.186327e-02,4.255527e-02,2.280555e-01,1.144263e-01,4.345958e+01,1.746762e+00,0.000000e+00,-8.658660e-02,1.660176e+00
3.375000e+01,3.000000e-01,7.502109e-01,2.250633e-01,3.355715e+00,1.006714e+00,1.000000e+00,4.799261e+01,4.755037e+02,2.840184e+04,8.520552e+03,5.763754e+00,-2.139582e+00,3.624172e+00,3.715673e+01,3.026317e+01,9.863422e+01,9.599930e+01,3.573926e-01,3.928184e-01,1.290672e-01,0.000000e+00,1.582866e-02,3.380038e-02,1.786963e-01,2.349000e-01,5.070057e-02,1.072178e-01,6.116294e-01,1.385816e-01,4.424140e+01,5.336809e+00,0.000000e+00,-1.981094e+00,3.355715e+00
3.375000e+01,3.375000e-01,6.989097e-01,2.358820e-01,3.119343e+00,1.052778e+00,1.000000e+00,5.067017e+01,4.950461e+02,2.840184e+04,9.585621e+03,5.777696e+00,-1.987695e+00,3.790001e+00,3.440290e+01,3.404488e+01,9.853998e+01,1.144981e+02,3.283110e-01,3.705988e-01,1.150040e-01,0.000000e+00,1.331718e-02,3.583433e-02,1.641555e-01,2.183540e-01,5.375149e-02,9.849329e-02,5.519890e-01,1.469208e-01,4.434597e+01,4.755306e+00,0.000000e+00,-1.635963e+00,3.119343e+00
3.375000e+01,3.750000e-01,6.522455e-01,2.445921e-01,2.914772e+00,1.093040e+00,1.000000e+00,5.367207e+01,5.001597e+02,2.840184e+04,1.065069e+04,5.781859e+00,-1.846916e+00,3.934943e+00,3.194329e+01,3.782760e+01,9.852489e+01,1.294594e+02,3.027029e-01,3.495426e-01,1.035781e-01,0.000000e+00,1.130824e-02,3.646509e-02,1.513515e-01,2.040341e-01,5.469763e-02,9.081088e-02,5.027387e-01,1.495069e-01,4.437719e+01,4.282858e+00,0.000000e+00,-1.368086e+00,2.914772e+00
3.375000e+01,4.125000e-01,6.127223e-01,2.527479e-01,2.759047e+00,1.138107e+00,1.000000e+00,5.706359e+01,4.932286e+02,2.840184e+04,1.171576e+04,5.834646e+00,-1.737461e+00,4.097184e+00,2.977835e+01,4.161043e+01,9.854534e+01,1.404031e+02,2.812773e-01,3.314450e-01,9.502162e-02,0.000000e+00,9.664663e-03,3.595236e-02,1.406386e-01,1.931333e-01,5.392854e-02,8.438319e-02,4.653176e-01,1.474047e-01,4.477309e+01,3.929054e+00,0.000000e+00,-1.170008e+00,2.759047e+00
3.375000e+01,4.500000e-01,5.789628e-01,2.605333e-01,2.630734e+00,1.183830e+00,1.000000e+00,6.091872e+01,4.837861e+02,2.840184e+04,1.278083e+04,5.896365e+00,-1.634577e+00,4.261789e+00,2.772177e+01,4.539330e+01,9.857320e+01,1.500244e+02,2.630688e-01,3.158941e-01,8.802454e-02,0.000000e+00,8.295125e-03,3.521471e-02,1.315344e-01,1.841514e-01,5.282207e-02,7.892063e-02,4.345825e-01,1.443803e-01,4.523599e+01,3.639732e+00,0.000000e+00,-1.008998e+00,2.630734e+00
3.375000e+01,4.875000e-01,5.498146e-01,2.680346e-01,2.521980e+00,1.229465e+00,1.000000e+00,6.533737e+01,4.737039e+02,2.840184e+04,1.384590e+04,5.959092e+00,-1.533016e+00,4.426076e+00,2.572567e+01,4.917619e+01,9.860295e+01,1.589632e+02,2.473938e-01,3.024208e-01,8.211781e-02,0.000000e+00,7.136403e-03,3.444268e-02,1.236969e-01,1.765386e-01,5.166401e-02,7.421813e-02,4.085996e-01,1.412150e-01,4.570644e+01,3.395494e+00,0.000000e+00,-8.735137e-01,2.521980e+00
3.375000e+01,5.250000e-01,5.243927e-01,2.753062e-01,2.428197e+00,1.274803e+00,1.000000e+00,7.045169e+01,4.634909e+02,2.840184e+04,1.491097e+04,6.020260e+00,-1.430968e+00,4.589292e+00,2.376921e+01,5.295910e+01,9.863308e+01,1.674821e+02,2.337495e-01,2.906433e-01,7.703496e-02,0.000000e+00,6.143346e-03,3.369642e-02,1.168747e-01,1.699738e-01,5.054464e-02,7.012484e-02,3.862374e-01,1.381553e-01,4.616520e+01,3.185323e+00,0.000000e+00,-7.571259e-01,2.428197e+00
3.375000e+01,5.625000e-01,5.020198e-01,2.823861e-01,2.346292e+00,1.319789e+00,1.000000e+00,7.643906e+01,4.532120e+02,2.840184e+04,1.597604e+04,6.078948e+00,-1.327706e+00,4.751242e+00,2.184105e+01,5.674204e+01,9.866340e+01,1.757148e+02,2.217580e-01,2.802618e-01,7.260020e-02,0.000000e+00,5.282849e-03,3.299595e-02,1.108790e-01,1.642405e-01,4.949392e-02,6.652740e-02,3.667364e-01,1.352834e-01,4.660536e+01,3.001950e+00,0.000000e+00,-6.556573e-01,2.346292e+00
3.375000e+01,6.000000e-01,4.821716e-01,2.893030e-01,2.274041e+00,1.364425e+00,1.000000e+00,8.354287e+01,4.427295e+02,2.840184e+04,1.704110e+04,6.134869e+00,-1.222940e+00,4.911929e+00,1.993424e+01,6.052499e+01,9.869433e+01,1.837386e+02,2.111303e-01,2.710413e-01,6.868880e-02,0.000000e+00,4.530094e-03,3.234625e-02,1.055651e-01,1.591829e-01,4.851937e-02,6.333908e-02,3.495520e-01,1.326196e-01,4.702477e+01,2.840217e+00,0.000000e+00,-5.661758e-01,2.274041e+00
3.375000e+01,6.375000e-01,4.644376e-01,2.960790e-01,2.209776e+00,1.408732e+00,1.000000e+00,9.210622e+01,4.317715e+02,2.840184e+04,1.810617e+04,6.188008e+00,-1.116573e+00,5.071435e+00,1.804414e+01,6.430797e+01,9.872666e+01,1.916015e+02,2.016414e-01,2.627962e-01,6.520825e-02,0.000000e+00,3.866114e-03,3.174632e-02,1.008207e-01,1.546843e-01,4.761949e-02,6.049241e-02,3.342776e-01,1.301599e-01,4.742331e+01,2.696300e+00,0.000000e+00,-4.865242e-01,2.209776e+00
3.375000e+01,6.750000e-01,4.484916e-01,3.027318e-01,2.152208e+00,1.452741e+00,1.000000e+00,1.026283e+02,4.199348e+02,2.840184e+04,1.917124e+04,6.238471e+00,-1.008605e+00,5.229866e+00,1.616750e+01,6.809099e+01,9.876157e+01,1.993352e+02,1.931136e-01,2.553779e-01,6.208780e-02,0.000000e+00,3.276173e-03,3.119284e-02,9.655682e-02,1.506546e-01,4.678927e-02,5.793409e-02,3.206009e-01,1.278907e-01,4.780178e+01,2.567272e+00,0.000000e+00,-4.150637e-01,2.152208e+00
3.375000e+01,7.125000e-01,4.340714e-01,3.092759e-01,2.100323e+00,1.496480e+00,1.000000e+00,1.158644e+02,4.066523e+02,2.840184e+04,2.023631e+04,6.286414e+00,-8.990859e-01,5.387329e+00,1.430205e+01,7.187405e+01,9.880076e+01,2.069614e+02,1.854048e-01,2.486666e-01,5.927206e-02,0.000000e+00,2.748666e-03,3.068169e-02,9.270242e-02,1.470226e-01,4.602254e-02,5.562145e-02,3.082765e-01,1.257949e-01,4.816136e+01,2.450844e+00,0.000000e+00,-3.505208e-01,2.100323e+00
3.375000e+01,7.500000e-01,4.209638e-01,3.157229e-01,2.053302e+00,1.539976e+00,1.000000e+00,1.330125e+02,3.911329e+02,2.840184e+04,2.130138e+04,6.332014e+00,-7.881000e-01,5.543914e+00,1.244628e+01,7.565718e+01,9.884654e+01,2.144953e+02,1.783998e-01,2.425640e-01,5.671691e-02,0.000000e+00,2.274346e-03,3.020865e-02,8.919990e-02,1.437311e-01,4.531298e-02,5.351994e-02,2.971084e-01,1.238555e-01,4.850336e+01,2.345191e+00,0.000000e+00,-2.918889e-01,2.053302e+00
3.375000e+01,7.875000e-01,4.089930e-01,3.220820e-01,2.010471e+00,1.583246e+00,1.000000e+00,1.560912e+02,3.722876e+02,2.840184e+04,2.236645e+04,6.375450e+00,-6.757644e-01,5.699685e+00,1.059948e+01,7.944040e+01,9.890213e+01,2.219474e+02,1.720042e-01,2.369888e-01,5.438663e-02,0.000000e+00,1.845795e-03,2.976969e-02,8.600211e-02,1.407330e-01,4.465453e-02,5.160127e-02,2.869373e-01,1.220557e-01,4.882912e+01,2.248836e+00,0.000000e+00,-2.383649e-01,2.010471e+00
3.375000e+01,8.250000e-01,3.980121e-01,3.283600e-01,1.971264e+00,1.626293e+00,1.000000e+00,1.887788e+02,3.486813e+02,2.840184e+04,2.343152e+04,6.416898e+00,-5.622439e-01,5.854654e+00,8.761928e+00,8.322375e+01,9.897176e+01,2.293242e+02,1.661401e-01,2.318720e-01,5.225202e-02,0.000000e+00,1.457057e-03,2.936099e-02,8.307007e-02,1.379885e-01,4.404149e-02,4.984204e-02,2.776321e-01,1.203801e-01,4.913998e+01,2.160572e+00,0.000000e+00,-1.893077e-01,1.971264e+00
3.375000e+01,8.625000e-01,3.878966e-01,3.345608e-01,1.935182e+00,1.669095e+00,1.000000e+00,2.385314e+02,3.186475e+02,2.840184e+04,2.449659e+04,6.456535e+00,-4.477936e-01,6.008741e+00,6.935510e+00,8.700728e+01,9.906035e+01,2.366285e+02,1.607426e-01,2.271540e-01,5.028892e-02,0.000000e+00,1.103430e-03,2.897895e-02,8.037130e-02,1.354628e-01,4.346843e-02,4.822278e-02,2.690829e-01,1.188137e-01,4.943726e+01,2.079399e+00,0.000000e+00,-1.442169e-01,1.935182e+00
3.375000e+01,9.000000e-01,3.785374e-01,3.406837e-01,1.901755e+00,1.711579e+00,1.000000e+00,3.229853e+02,2.809030e+02,2.840184e+04,2.556166e+04,6.494555e+00,-3.328687e-01,6.161686e+00,5.125351e+00,9.079103e+01,9.917168e+01,2.438576e+02,1.557575e-01,2.227800e-01,4.847734e-02,0.000000e+00,7.814634e-04,2.861993e-02,7.787873e-02,1.331228e-01,4.292989e-02,4.672724e-02,2.611957e-01,1.173417e-01,4.972241e+01,2.004492e+00,0.000000e+00,-1.027373e-01,1.901755e+00
4.093750e+01,3.000000e-01,8.423381e-01,2.527014e-01,3.770356e+00,1.131107e+00,1.000000e+00,5.818313e+01,6.324070e+02,2.840184e+04,8.520552e+03,6.449031e+00,-2.377047e+00,4.071985e+00,3.685897e+01,3.032302e+01,9.846217e+01,1.120696e+02,3.994041e-01,4.429340e-01,1.444126e-01,0.000000e+00,1.583086e-02,3.945856e-02,1.997020e-01,2.639249e-01,5.918785e-02,1.198212e-01,6.805580e-01,1.617801e-01,4.938098e+01,5.971325e+00,0.000000e+00,-2.200969e+00,3.770356e+00
4.093750e+01,3.375000e-01,7.768877e-01,2.621996e-01,3.504587e+00,1.182798e+00,1.000000e+00,6.143606e+01,6.267243e+02,2.840184e+04,9.585621e+03,6.500523e+00,-2.242450e+00,4.258073e+00,3.449646e+01,3.411344e+01,9.847600e+01,1.250938e+02,3.637237e-01,4.131639e-01,1.293917e-01,0.000000e+00,1.331970e-02,3.915047e-02,1.818619e-01,2.453211e-01,5.872570e-02,1.091171e-01,6.163708e-01,1.605169e-01,4.976718e+01,5.350225e+00,0.000000e+00,-1.845638e+00,3.504587e+00
4.093750e+01,3.750000e-01,7.230372e-01,2.711389e-01,3.294896e+00,1.235586e+00,1.000000e+00,6.508280e+01,6.134752e+02,2.840184e+04,1.065069e+04,6.571157e+00,-2.123047e+00,4.448110e+00,3.230858e+01,3.790395e+01,9.850823e+01,1.358782e+02,3.346037e-01,3.884334e-01,1.177179e-01,0.000000e+00,1.131090e-02,3.827307e-02,1.673019e-01,2.306427e-01,5.740960e-02,1.003811e-01,5.661176e-01,1.569196e-01,5.029693e+01,4.867524e+00,0.000000e+00,-1.572628e+00,3.294896e+00
4.093750e+01,4.125000e-01,6.779872e-01,2.796697e-01,3.122810e+00,1.288159e+00,1.000000e+00,6.919557e+01,5.986146e+02,2.840184e+04,1.171576e+04,6.644633e+00,-2.007260e+00,4.637373e+00,3.020873e+01,4.169449e+01,9.854438e+01,1.456388e+02,3.103468e-01,3.676403e-01,1.082129e-01,0.000000e+00,9.667481e-03,3.729305e-02,1.551734e-01,2.185967e-01,5.593958e-02,9.310404e-02,5.250856e-01,1.529015e-01,5.084800e+01,4.474500e+00,0.000000e+00,-1.351690e+00,3.122810e+00
4.093750e+01,4.500000e-01,6.397319e-01,2.878793e-01,2.978284e+00,1.340228e+00,1.000000e+00,7.386807e+01,5.836681e+02,2.840184e+04,1.278083e+04,6.716466e+00,-1.891646e+00,4.824820e+00,2.816431e+01,4.548506e+01,9.858075e+01,1.548053e+02,2.898051e-01,3.499268e-01,1.002675e-01,0.000000e+00,8.298112e-03,3.633692e-02,1.449025e-01,2.084799e-01,5.450538e-02,8.694152e-02,4.907505e-01,1.489814e-01,5.138675e+01,4.145967e+00,0.000000e+00,-1.167683e+00,2.978284e+00
4.093750e+01,4.875000e-01,6.068241e-01,2.958267e-01,2.854845e+00,1.391737e+00,1.000000e+00,7.922177e+01,5.690147e+02,2.840184e+04,1.384590e+04,6.785178e+00,-1.774925e+00,5.010253e+00,2.615886e+01,4.927566e+01,9.861639e+01,1.635821e+02,2.721690e-01,3.346550e-01,9.350149e-02,0.000000e+00,7.139580e-03,3.544345e-02,1.360845e-01,1.998392e-01,5.316518e-02,8.165071e-02,4.615059e-01,1.453181e-01,5.190209e+01,3.866198e+00,0.000000e+00,-1.011353e+00,2.854845e+00
4.093750e+01,5.250000e-01,5.781994e-01,3.035547e-01,2.748010e+00,1.442705e+00,1.000000e+00,8.541640e+01,5.546252e+02,2.840184e+04,1.491097e+04,6.850335e+00,-1.656595e+00,5.193740e+00,2.418269e+01,5.306628e+01,9.865140e+01,1.720824e+02,2.568506e-01,3.213489e-01,8.765655e-02,0.000000e+00,6.146739e-03,3.462198e-02,1.284253e-01,1.923607e-01,5.193297e-02,7.705517e-02,4.362493e-01,1.419501e-01,5.239076e+01,3.624516e+00,0.000000e+00,-8.765054e-01,2.748010e+00
4.093750e+01,5.625000e-01,5.530590e-01,3.110957e-01,2.654535e+00,1.493176e+00,1.000000e+00,9.266593e+01,5.402853e+02,2.840184e+04,1.597604e+04,6.911918e+00,-1.536484e+00,5.375434e+00,2.222949e+01,5.685692e+01,9.868628e+01,1.803749e+02,2.434116e-01,3.096475e-01,8.254826e-02,0.000000e+00,5.286488e-03,3.387103e-02,1.217058e-01,1.858175e-01,5.080654e-02,7.302347e-02,4.141878e-01,1.388712e-01,5.285263e+01,3.413293e+00,0.000000e+00,-7.587576e-01,2.654535e+00
4.093750e+01,6.000000e-01,5.307921e-01,3.184753e-01,2.571996e+00,1.543198e+00,1.000000e+00,1.012636e+02,5.256658e+02,2.840184e+04,1.704110e+04,6.970081e+00,-1.414569e+00,5.555512e+00,2.029488e+01,6.064760e+01,9.872184e+01,1.885042e+02,2.315189e-01,2.992732e-01,7.804022e-02,0.000000e+00,4.534017e-03,3.318520e-02,1.157594e-01,1.800397e-01,4.977781e-02,6.945567e-02,3.947328e-01,1.360593e-01,5.328886e+01,3.226889e+00,0.000000e+00,-6.548932e-01,2.571996e+00
4.093750e+01,6.375000e-01,5.109236e-01,3.257138e-01,2.498539e+00,1.592819e+00,1.000000e+00,1.116220e+02,5.103345e+02,2.840184e+04,1.810617e+04,7.025047e+00,-1.290900e+00,5.734147e+00,1.837567e+01,6.443831e+01,9.875913e+01,1.965005e+02,2.209145e-01,2.900091e-01,7.402883e-02,0.000000e+00,3.870367e-03,3.255804e-02,1.104572e-01,1.748977e-01,4.883706e-02,6.627435e-02,3.774357e-01,1.334880e-01,5.370110e+01,3.061022e+00,0.000000e+00,-5.624835e-01,2.498539e+00
4.093750e+01,6.750000e-01,4.930784e-01,3.328279e-01,2.432714e+00,1.642082e+00,1.000000e+00,1.243403e+02,4.937400e+02,2.840184e+04,1.917124e+04,7.077055e+00,-1.165560e+00,5.911495e+00,1.646957e+01,6.822907e+01,9.879950e+01,2.043852e+02,2.113953e-01,2.816832e-01,7.043373e-02,0.000000e+00,3.280817e-03,3.198309e-02,1.056976e-01,1.702900e-01,4.797463e-02,6.341858e-02,3.619478e-01,1.311307e-01,5.409116e+01,2.912368e+00,0.000000e+00,-4.796545e-01,2.432714e+00
4.093750e+01,7.125000e-01,4.769561e-01,3.398312e-01,2.373366e+00,1.691024e+00,1.000000e+00,1.403225e+02,4.751824e+02,2.840184e+04,2.023631e+04,7.126346e+00,-1.038661e+00,6.087685e+00,1.457495e+01,7.201990e+01,9.884464e+01,2.121734e+02,2.027991e-01,2.741569e-01,6.719143e-02,0.000000e+00,2.753778e-03,3.145435e-02,1.013996e-01,1.661356e-01,4.718153e-02,6.083974e-02,3.479932e-01,1.289629e-01,5.446084e+01,2.778302e+00,0.000000e+00,-4.049361e-01,2.373366e+00
4.093750e+01,7.500000e-01,4.623126e-01,3.467344e-01,2.319561e+00,1.739671e+00,1.000000e+00,1.609981e+02,4.537847e+02,2.840184e+04,2.130138e+04,7.173148e+00,-9.103336e-01,6.262814e+00,1.269085e+01,7.581081e+01,9.889668e+01,2.198760e+02,1.949951e-01,2.673175e-01,6.425107e-02,0.000000e+00,2.280030e-03,3.096645e-02,9.749755e-02,1.623693e-01,4.644967e-02,5.849853e-02,3.353501e-01,1.269624e-01,5.481186e+01,2.656721e+00,0.000000e+00,-3.371606e-01,2.319561e+00
4.093750e+01,7.875000e-01,4.489474e-01,3.535461e-01,2.270522e+00,1.788036e+00,1.000000e+00,1.887631e+02,4.284941e+02,2.840184e+04,2.236645e+04,7.217675e+00,-7.807442e-01,6.436931e+00,1.081712e+01,7.960184e+01,9.895819e+01,2.275006e+02,1.878762e-01,2.610712e-01,6.157135e-02,0.000000e+00,1.852191e-03,3.051454e-02,9.393808e-02,1.589366e-01,4.577181e-02,5.636285e-02,3.238378e-01,1.251096e-01,5.514581e+01,2.545917e+00,0.000000e+00,-2.753948e-01,2.270522e+00
4.093750e+01,8.250000e-01,4.366932e-01,3.602719e-01,2.225594e+00,1.836115e+00,1.000000e+00,2.279536e+02,3.981757e+02,2.840184e+04,2.343152e+04,7.260133e+00,-6.501190e-01,6.610014e+00,8.954644e+00,8.339301e+01,9.903193e+01,2.350514e+02,1.813540e-01,2.553392e-01,5.911838e-02,0.000000e+00,1.464361e-03,3.009426e-02,9.067700e-02,1.557916e-01,4.514140e-02,5.440620e-02,3.133067e-01,1.233865e-01,5.546424e+01,2.444489e+00,0.000000e+00,-2.188953e-01,2.225594e+00
4.093750e+01,8.625000e-01,4.254078e-01,3.669143e-01,2.184192e+00,1.883866e+00,1.000000e+00,2.872674e+02,3.619222e+02,2.840184e+04,2.449659e+04,7.300721e+00,-5.188037e-01,6.781917e+00,7.106198e+00,8.718436e+01,9.912009e+01,2.425293e+02,1.753554e-01,2.500525e-01,5.686415e-02,0.000000e+00,1.111929e-03,2.970160e-02,8.767768e-02,1.528935e-01,4.455240e-02,5.260661e-02,3.036313e-01,1.217766e-01,5.576866e+01,2.351279e+00,0.000000e+00,-1.670865e-01,2.184192e+00
4.093750e+01,9.000000e-01,nan,nan,nan,nan,nan,nan,nan,nan,nan,nan,nan,nan,nan,nan,nan,nan,nan,nan,nan,nan,nan,nan,nan,nan,nan,nan,nan,nan,nan,nan,nan,nan,nan
4.812500e+01,3.000000e-01,9.287200e-01,2.786160e-01,4.211040e+00,1.263312e+00,1.000000e+00,6.837621e+01,7.676330e+02,2.840184e+04,8.520552e+03,7.226682e+00,-2.678759e+00,4.547923e+00,3.706762e+01,3.038574e+01,9.841197e+01,1.191706e+02,4.392377e-01,4.894823e-01,1.618265e-01,0.000000e+00,1.583362e-02,4.195876e-02,2.196189e-01,2.947728e-01,6.293814e-02,1.317713e-01,7.566891e-01,1.720309e-01,5.521336e+01,6.691372e+00,0.000000e+00,-2.480332e+00,4.211040e+00
4.812500e+01,3.375000e-01,8.547169e-01,2.884669e-01,3.921451e+00,1.323490e+00,1.000000e+00,7.220141e+01,7.473100e+02,2.840184e+04,9.585621e+03,7.311091e+00,-2.546528e+00,4.764563e+00,3.483102e+01,3.418413e+01,9.845403e+01,1.303092e+02,3.992625e-01,4.554544e-01,1.455259e-01,0.000000e+00,1.332261e-02,4.078272e-02,1.996312e-01,2.745016e-01,6.117408e-02,1.197787e-01,6.875077e-01,1.672092e-01,5.584643e+01,6.017359e+00,0.000000e+00,-2.095908e+00,3.921451e+00
4.812500e+01,3.750000e-01,7.942258e-01,2.978347e-01,3.687884e+00,1.382956e+00,1.000000e+00,7.648605e+01,7.258365e+02,2.840184e+04,1.065069e+04,7.395591e+00,-2.416948e+00,4.978643e+00,3.268094e+01,3.798256e+01,9.849848e+01,1.404430e+02,3.667198e-01,4.275060e-01,1.324871e-01,0.000000e+00,1.131396e-02,3.955884e-02,1.833599e-01,2.581518e-01,5.933825e-02,1.100159e-01,6.320346e-01,1.621912e-01,5.648018e+01,5.478216e+00,0.000000e+00,-1.790332e+00,3.687884e+00
4.812500e+01,4.125000e-01,7.438127e-01,3.068227e-01,3.494791e+00,1.441601e+00,1.000000e+00,8.131639e+01,7.048742e+02,2.840184e+04,1.171576e+04,7.476736e+00,-2.286971e+00,5.189765e+00,3.058783e+01,4.178103e+01,9.854187e+01,1.499676e+02,3.396731e-01,4.041396e-01,1.217643e-01,0.000000e+00,9.670712e-03,3.840152e-02,1.698365e-01,2.446354e-01,5.760228e-02,1.019019e-01,5.863665e-01,1.574462e-01,5.708877e+01,5.034839e+00,0.000000e+00,-1.540048e+00,3.494791e+00
4.812500e+01,4.500000e-01,7.011157e-01,3.155021e-01,3.332123e+00,1.499455e+00,1.000000e+00,8.680257e+01,6.847712e+02,2.840184e+04,1.278083e+04,7.553500e+00,-2.155461e+00,5.398039e+00,2.853593e+01,4.557952e+01,9.858348e+01,1.590836e+02,3.168119e-01,3.843038e-01,1.127633e-01,0.000000e+00,8.301532e-03,3.734114e-02,1.584059e-01,2.332486e-01,5.601171e-02,9.504356e-02,5.480170e-01,1.530987e-01,5.766450e+01,4.662654e+00,0.000000e+00,-1.330532e+00,3.332123e+00
4.812500e+01,4.875000e-01,6.644600e-01,3.239243e-01,3.192995e+00,1.556585e+00,1.000000e+00,9.308684e+01,6.654163e+02,2.840184e+04,1.384590e+04,7.625716e+00,-2.022008e+00,5.603707e+00,2.651566e+01,4.937805e+01,9.862353e+01,1.679054e+02,2.972154e-01,3.672446e-01,1.050843e-01,0.000000e+00,7.143213e-03,3.638019e-02,1.486077e-01,2.235097e-01,5.457028e-02,8.916463e-02,5.153012e-01,1.491588e-01,5.820612e+01,4.345137e+00,0.000000e+00,-1.152142e+00,3.192995e+00
4.812500e+01,5.250000e-01,6.326255e-01,3.321284e-01,3.072509e+00,1.613067e+00,1.000000e+00,1.003559e+02,6.465101e+02,2.840184e+04,1.491097e+04,7.693550e+00,-1.886508e+00,5.807042e+00,2.452064e+01,5.317660e+01,9.866266e+01,1.765046e+02,2.802172e-01,3.524083e-01,9.844629e-02,0.000000e+00,6.150610e-03,3.551170e-02,1.401086e-01,2.150756e-01,5.326755e-02,8.406516e-02,4.870276e-01,1.455980e-01,5.871487e+01,4.070661e+00,0.000000e+00,-9.981521e-01,3.072509e+00
4.812500e+01,5.625000e-01,6.047023e-01,3.401451e-01,2.967064e+00,1.668973e+00,1.000000e+00,1.088597e+02,6.276541e+02,2.840184e+04,1.597604e+04,7.757292e+00,-1.748988e+00,6.008304e+00,2.254638e+01,5.697519e+01,9.870169e+01,1.849280e+02,2.653222e-01,3.393801e-01,9.264447e-02,0.000000e+00,5.290632e-03,3.472601e-02,1.326611e-01,2.076944e-01,5.208901e-02,7.959667e-02,4.623257e-01,1.423766e-01,5.919294e+01,3.830761e+00,0.000000e+00,-8.636979e-01,2.967064e+00
4.812500e+01,6.000000e-01,5.799976e-01,3.479986e-01,2.873948e+00,1.724369e+00,1.000000e+00,1.189400e+02,6.083740e+02,2.840184e+04,1.704110e+04,7.817268e+00,-1.609541e+00,6.207727e+00,2.058956e+01,6.077382e+01,9.874159e+01,1.932079e+02,2.521549e-01,3.278427e-01,8.752571e-02,0.000000e+00,4.538473e-03,3.401328e-02,1.260775e-01,2.011763e-01,5.101992e-02,7.564648e-02,4.405432e-01,1.394544e-01,5.964276e+01,3.619106e+00,0.000000e+00,-7.451579e-01,2.873948e+00
4.812500e+01,6.375000e-01,5.579744e-01,3.557087e-01,2.791075e+00,1.779310e+00,1.000000e+00,1.310771e+02,5.881155e+02,2.840184e+04,1.810617e+04,7.873802e+00,-1.468285e+00,6.405516e+00,1.864773e+01,6.457250e+01,9.878351e+01,2.013674e+02,2.404250e-01,3.175494e-01,8.297288e-02,0.000000e+00,3.875185e-03,3.336444e-02,1.202125e-01,1.953752e-01,5.004666e-02,7.212750e-02,4.211802e-01,1.367942e-01,6.006676e+01,3.430850e+00,0.000000e+00,-6.397758e-01,2.791075e+00
4.812500e+01,6.750000e-01,5.382095e-01,3.632914e-01,2.716808e+00,1.833845e+00,1.000000e+00,1.459668e+02,5.662315e+02,2.840184e+04,1.917124e+04,7.927198e+00,-1.325356e+00,6.601843e+00,1.671909e+01,6.837124e+01,9.882879e+01,2.094231e+02,2.299044e-01,3.083050e-01,7.889470e-02,0.000000e+00,3.286060e-03,3.277145e-02,1.149522e-01,1.901765e-01,4.915717e-02,6.897133e-02,4.038465e-01,1.343629e-01,6.046724e+01,3.262222e+00,0.000000e+00,-5.454139e-01,2.716808e+00
4.812500e+01,7.125000e-01,5.203646e-01,3.707598e-01,2.649839e+00,1.888011e+00,1.000000e+00,1.646563e+02,5.419741e+02,2.840184e+04,2.023631e+04,7.977740e+00,-1.180902e+00,6.796838e+00,1.480246e+01,7.217006e+01,9.887899e+01,2.173872e+02,2.204114e-01,2.999531e-01,7.521889e-02,0.000000e+00,2.759527e-03,3.222730e-02,1.102057e-01,1.854888e-01,4.834095e-02,6.612343e-02,3.882326e-01,1.321319e-01,6.084630e+01,3.110230e+00,0.000000e+00,-4.603905e-01,2.649839e+00
4.812500e+01,7.500000e-01,5.041655e-01,3.781241e-01,2.589107e+00,1.941830e+00,1.000000e+00,1.887944e+02,5.145106e+02,2.840184e+04,2.130138e+04,8.025685e+00,-1.035096e+00,6.990589e+00,1.289729e+01,7.596899e+01,9.893582e+01,2.252685e+02,2.117994e-01,2.923661e-01,7.188739e-02,0.000000e+00,2.286389e-03,3.172590e-02,1.058997e-01,1.812375e-01,4.758884e-02,6.353981e-02,3.740893e-01,1.300762e-01,6.120588e+01,2.972476e+00,0.000000e+00,-3.833688e-01,2.589107e+00
4.812500e+01,7.875000e-01,4.893870e-01,3.853922e-01,2.533728e+00,1.995311e+00,1.000000e+00,2.211314e+02,4.829954e+02,2.840184e+04,2.236645e+04,8.071270e+00,-8.881502e-01,7.183120e+00,1.100385e+01,7.976804e+01,9.900102e+01,2.330727e+02,2.039485e-01,2.854384e-01,6.885305e-02,0.000000e+00,1.859300e-03,3.126192e-02,1.019743e-01,1.773610e-01,4.689288e-02,6.118456e-02,3.612131e-01,1.281739e-01,6.154777e+01,2.847009e+00,0.000000e+00,-3.132805e-01,2.533728e+00
4.812500e+01,8.250000e-01,4.758411e-01,3.925689e-01,2.482951e+00,2.048434e+00,1.000000e+00,2.666085e+02,4.467489e+02,2.840184e+04,2.343152e+04,8.114719e+00,-7.403550e-01,7.374364e+00,9.123607e+00,8.356725e+01,9.907602e+01,2.408029e+02,1.967604e-01,2.790807e-01,6.607717e-02,0.000000e+00,1.472412e-03,3.083064e-02,9.838022e-02,1.738066e-01,4.624596e-02,5.902813e-02,3.494355e-01,1.264056e-01,6.187364e+01,2.732229e+00,0.000000e+00,-2.492778e-01,2.482951e+00
4.812500e+01,8.625000e-01,4.633683e-01,3.996552e-01,2.436104e+00,2.101140e+00,1.000000e+00,3.350341e+02,4.056082e+02,2.840184e+04,2.449659e+04,8.156256e+00,-5.921519e-01,7.564104e+00,7.260094e+00,8.736663e+01,9.916113e+01,2.484586e+02,1.901534e-01,2.732149e-01,6.352777e-02,0.000000e+00,1.121189e-03,3.042774e-02,9.507670e-02,1.705273e-01,4.564162e-02,5.704602e-02,3.386146e-01,1.247538e-01,6.218517e+01,2.626813e+00,0.000000e+00,-1.907091e-01,2.436104e+00
4.812500e+01,9.000000e-01,nan,nan,nan,nan,nan,nan,nan,nan,nan,nan,nan,nan,nan,nan,nan,nan,nan,nan,nan,nan,nan,nan,nan,nan,nan,nan,nan,nan,nan,nan,nan,nan,nan
5.531250e+01,3.000000e-01,1.015587e+00,3.046761e-01,4.670275e+00,1.401083e+00,1.000000e+00,7.856607e+01,8.981344e+02,2.840184e+04,8.520552e+03,8.051269e+00,-3.007372e+00,5.043897e+00,3.735277e+01,3.045028e+01,9.838327e+01,1.238144e+02,4.794438e-01,5.361431e-01,1.802914e-01,0.000000e+00,1.583672e-02,4.359379e-02,2.397219e-01,3.269193e-01,6.539069e-02,1.438331e-01,8.368524e-01,1.787346e-01,6.139777e+01,7.454879e+00,0.000000e+00,-2.784604e+00,4.670275e+00
5.531250e+01,3.375000e-01,9.332950e-01,3.149871e-01,4.348855e+00,1.467739e+00,1.000000e+00,8.295969e+01,8.682806e+02,2.840184e+04,9.585621e+03,8.147598e+00,-2.863739e+00,5.283859e+00,3.514826e+01,3.425681e+01,9.843705e+01,1.344864e+02,4.351846e-01,4.981103e-01,1.621764e-01,0.000000e+00,1.332586e-02,4.209005e-02,2.175923e-01,3.044199e-01,6.313507e-02,1.305554e-01,7.607258e-01,1.725692e-01,6.212023e+01,6.705842e+00,0.000000e+00,-2.356986e+00,4.348855e+00
5.531250e+01,3.750000e-01,8.662280e-01,3.248355e-01,4.088655e+00,1.533246e+00,1.000000e+00,8.787940e+01,8.396912e+02,2.840184e+04,1.065069e+04,8.239069e+00,-2.719385e+00,5.519684e+00,3.300597e+01,3.806338e+01,9.848854e+01,1.444716e+02,3.992168e-01,4.670113e-01,1.475974e-01,0.000000e+00,1.131739e-02,4.069359e-02,1.996084e-01,2.862058e-01,6.104039e-02,1.197650e-01,6.993843e-01,1.668437e-01,6.280627e+01,6.103014e+00,0.000000e+00,-2.014359e+00,4.088655e+00
5.531250e+01,4.125000e-01,8.104539e-01,3.343122e-01,3.873231e+00,1.597708e+00,1.000000e+00,9.342430e+01,8.127643e+02,2.840184e+04,1.171576e+04,8.324884e+00,-2.573136e+00,5.751748e+00,3.090897e+01,4.186999e+01,9.853704e+01,1.539948e+02,3.693682e-01,4.410857e-01,1.355770e-01,0.000000e+00,9.674321e-03,3.943273e-02,1.846841e-01,2.711262e-01,5.914909e-02,1.108105e-01,6.487797e-01,1.616742e-01,6.344988e+01,5.605983e+00,0.000000e+00,-1.732752e+00,3.873231e+00
5.531250e+01,4.500000e-01,7.632943e-01,3.434825e-01,3.691650e+00,1.661243e+00,1.000000e+00,9.972049e+01,7.872996e+02,2.840184e+04,1.278083e+04,8.405078e+00,-2.424605e+00,5.980474e+00,2.884690e+01,4.567664e+01,9.858290e+01,1.631862e+02,3.441712e-01,4.191231e-01,1.254761e-01,0.000000e+00,8.305348e-03,3.830413e-02,1.720856e-01,2.584155e-01,5.745620e-02,1.032514e-01,6.062474e-01,1.570469e-01,6.405134e+01,5.188320e+00,0.000000e+00,-1.496670e+00,3.691650e+00
5.531250e+01,4.875000e-01,7.228615e-01,3.523950e-01,3.536329e+00,1.723960e+00,1.000000e+00,1.069306e+02,7.628843e+02,2.840184e+04,1.384590e+04,8.479985e+00,-2.273728e+00,6.206257e+00,2.681288e+01,4.948332e+01,9.862687e+01,1.721271e+02,3.225970e-01,4.002644e-01,1.168564e-01,0.000000e+00,7.147259e-03,3.729490e-02,1.612985e-01,2.475430e-01,5.594234e-02,9.677911e-02,5.699524e-01,1.529091e-01,6.461314e+01,4.831900e+00,0.000000e+00,-1.295572e+00,3.536329e+00
5.531250e+01,5.250000e-01,6.877856e-01,3.610874e-01,3.401825e+00,1.785958e+00,1.000000e+00,1.152679e+02,7.390210e+02,2.840184e+04,1.491097e+04,8.550032e+00,-2.120583e+00,6.429449e+00,2.480204e+01,5.329003e+01,9.866985e+01,1.808712e+02,3.039019e-01,3.838837e-01,1.094058e-01,0.000000e+00,6.154916e-03,3.639025e-02,1.519510e-01,2.381278e-01,5.458537e-02,9.117057e-02,5.385856e-01,1.492000e-01,6.513849e+01,4.523826e+00,0.000000e+00,-1.122001e+00,3.401825e+00
5.531250e+01,5.625000e-01,6.570482e-01,3.695896e-01,3.284127e+00,1.847322e+00,1.000000e+00,1.250172e+02,7.151650e+02,2.840184e+04,1.597604e+04,8.615659e+00,-1.965301e+00,6.650358e+00,2.281081e+01,5.709679e+01,9.871281e+01,1.894556e+02,2.875346e-01,3.695136e-01,1.028959e-01,0.000000e+00,5.295232e-03,3.557622e-02,1.437673e-01,2.298889e-01,5.336433e-02,8.626038e-02,5.111857e-01,1.458625e-01,6.563069e+01,4.254646e+00,0.000000e+00,-9.705191e-01,3.284127e+00
5.531250e+01,6.000000e-01,6.298757e-01,3.779254e-01,3.180205e+00,1.908123e+00,1.000000e+00,1.365679e+02,6.907294e+02,2.840184e+04,1.704110e+04,8.677282e+00,-1.808040e+00,6.869243e+00,2.083647e+01,6.090360e+01,9.875682e+01,1.979067e+02,2.730774e-01,3.567983e-01,9.715483e-02,0.000000e+00,4.543408e-03,3.484047e-02,1.365387e-01,2.226144e-01,5.226070e-02,8.192322e-02,4.870298e-01,1.428459e-01,6.609287e+01,4.017260e+00,0.000000e+00,-8.370553e-01,3.180205e+00
5.531250e+01,6.375000e-01,6.056692e-01,3.861141e-01,3.087722e+00,1.968423e+00,1.000000e+00,1.504657e+02,6.650802e+02,2.840184e+04,1.810617e+04,8.735284e+00,-1.648962e+00,7.086322e+00,1.887703e+01,6.471048e+01,9.880300e+01,2.062436e+02,2.602078e-01,3.454614e-01,9.205104e-02,0.000000e+00,3.880508e-03,3.417236e-02,1.301039e-01,2.161405e-01,5.125854e-02,7.806235e-02,4.655626e-01,1.401067e-01,6.652788e+01,3.806224e+00,0.000000e+00,-7.185020e-01,3.087722e+00
5.531250e+01,6.750000e-01,5.839579e-01,3.941716e-01,3.004842e+00,2.028269e+00,1.000000e+00,1.674999e+02,6.375367e+02,2.840184e+04,1.917124e+04,8.790007e+00,-1.488240e+00,7.301767e+00,1.693105e+01,6.851743e+01,9.885260e+01,2.144805e+02,2.486728e-01,3.352851e-01,8.748173e-02,0.000000e+00,3.291835e-03,3.356285e-02,1.243364e-01,2.103390e-01,5.034428e-02,7.460185e-02,4.463502e-01,1.376077e-01,6.693830e+01,3.617287e+00,0.000000e+00,-6.124446e-01,3.004842e+00
5.531250e+01,7.125000e-01,5.643655e-01,4.021104e-01,2.930099e+00,2.087695e+00,1.000000e+00,1.888541e+02,6.073898e+02,2.840184e+04,2.023631e+04,8.841762e+00,-1.326059e+00,7.515704e+00,1.499768e+01,7.232448e+01,9.890688e+01,2.226280e+02,2.382710e-01,3.260946e-01,8.336540e-02,0.000000e+00,2.765834e-03,3.300424e-02,1.191355e-01,2.051069e-01,4.950636e-02,7.148129e-02,4.290481e-01,1.353174e-01,6.732647e+01,3.447081e+00,0.000000e+00,-5.169820e-01,2.930099e+00
5.531250e+01,7.500000e-01,5.465875e-01,4.099406e-01,2.862297e+00,2.146723e+00,1.000000e+00,2.163851e+02,5.739556e+02,2.840184e+04,2.130138e+04,8.890829e+00,-1.162628e+00,7.728201e+00,1.307671e+01,7.613165e+01,9.896708e+01,2.306936e+02,2.288398e-01,3.177476e-01,7.963663e-02,0.000000e+00,2.293332e-03,3.248995e-02,1.144199e-01,2.003608e-01,4.873492e-02,6.865195e-02,4.133787e-01,1.332088e-01,6.769447e+01,3.292900e+00,0.000000e+00,-4.306028e-01,2.862297e+00
5.531250e+01,7.875000e-01,5.303736e-01,4.176692e-01,2.800442e+00,2.205348e+00,1.000000e+00,2.531737e+02,5.366882e+02,2.840184e+04,2.236645e+04,8.937462e+00,-9.982080e-01,7.939254e+00,1.116881e+01,7.993895e+01,9.903417e+01,2.386820e+02,2.202471e-01,3.101265e-01,7.624222e-02,0.000000e+00,1.867017e-03,3.201429e-02,1.101235e-01,1.960310e-01,4.802144e-02,6.607412e-02,3.991150e-01,1.312586e-01,6.804422e+01,3.152544e+00,0.000000e+00,-3.521016e-01,2.800442e+00
5.531250e+01,8.250000e-01,5.155154e-01,4.253002e-01,2.743686e+00,2.263541e+00,1.000000e+00,3.047151e+02,4.953735e+02,2.840184e+04,2.343152e+04,8.981904e+00,-8.331561e-01,8.148748e+00,9.275942e+00,8.374640e+01,9.910855e+01,2.465954e+02,2.123838e-01,3.031316e-01,7.313855e-02,0.000000e+00,1.481083e-03,3.157227e-02,1.061919e-01,1.920580e-01,4.735841e-02,6.371514e-02,3.860691e-01,1.294463e-01,6.837753e+01,3.024210e+00,0.000000e+00,-2.805240e-01,2.743686e+00
5.531250e+01,8.625000e-01,nan,nan,nan,nan,nan,nan,nan,nan,nan,nan,nan,nan,nan,nan,nan,nan,nan,nan,nan,nan,nan,nan,nan,nan,nan,nan,nan,nan,nan,nan,nan,nan,nan
5.531250e+01,9.000000e-01,nan,nan,nan,nan,nan,nan,nan,nan,nan,nan,nan,nan,nan,nan,nan,nan,nan,nan,nan,nan,nan,nan,nan,nan,nan,nan,nan,nan,nan,nan,nan,nan,nan
6.250000e+01,3.000000e-01,1.103803e+00,3.311409e-01,5.173051e+00,1.551915e+00,1.000000e+00,8.876231e+01,1.000000e+03,2.840184e+04,8.520552e+03,8.986912e+00,-3.400017e+00,5.586895e+00,3.783298e+01,3.051678e+01,9.840679e+01,1.228019e+02,5.206412e-01,5.831619e-01,2.012432e-01,0.000000e+00,1.584015e-02,4.323731e-02,2.603206e-01,3.621136e-01,6.485597e-02,1.561924e-01,9.265302e-01,1.772730e-01,6.841509e+01,8.321215e+00,0.000000e+00,-3.148164e+00,5.173051e+00
6.250000e+01,3.375000e-01,1.012924e+00,3.418619e-01,4.784531e+00,1.614779e+00,1.000000e+00,9.370947e+01,9.911824e+02,2.840184e+04,9.585621e+03,9.002571e+00,-3.189365e+00,5.813205e+00,3.542727e+01,3.433145e+01,9.842085e+01,1.382861e+02,4.716063e-01,5.413179e-01,1.791945e-01,0.000000e+00,1.332943e-02,4.327923e-02,2.358032e-01,3.349172e-01,6.491885e-02,1.414819e-01,8.354794e-01,1.774449e-01,6.853253e+01,7.409523e+00,0.000000e+00,-2.624992e+00,4.784531e+00
6.250000e+01,3.750000e-01,9.392455e-01,3.522171e-01,4.496516e+00,1.686194e+00,1.000000e+00,9.926174e+01,9.555439e+02,2.840184e+04,1.065069e+04,9.098848e+00,-3.028551e+00,6.070297e+00,3.328500e+01,3.814639e+01,9.847767e+01,1.482913e+02,4.321809e-01,5.070646e-01,1.629998e-01,0.000000e+00,1.132114e-02,4.176950e-02,2.160904e-01,3.147561e-01,6.265425e-02,1.296543e-01,7.679906e-01,1.712549e-01,6.925461e+01,6.739888e+00,0.000000e+00,-2.243371e+00,4.496516e+00
6.250000e+01,4.125000e-01,8.780624e-01,3.622007e-01,4.258026e+00,1.756436e+00,1.000000e+00,1.055181e+02,9.224161e+02,2.840184e+04,1.171576e+04,9.188244e+00,-2.865076e+00,6.323168e+00,3.118197e+01,4.196136e+01,9.853048e+01,1.579051e+02,3.994996e-01,4.785627e-01,1.496375e-01,0.000000e+00,9.678279e-03,4.043404e-02,1.997498e-01,2.980618e-01,6.065106e-02,1.198499e-01,7.122828e-01,1.657796e-01,6.992508e+01,6.187369e+00,0.000000e+00,-1.929344e+00,4.258026e+00
6.250000e+01,4.500000e-01,8.263907e-01,3.718758e-01,4.057021e+00,1.825659e+00,1.000000e+00,1.126205e+02,8.912231e+02,2.840184e+04,1.278083e+04,9.271276e+00,-2.698902e+00,6.572374e+00,2.911036e+01,4.577638e+01,9.858021e+01,1.672268e+02,3.719387e-01,4.544520e-01,1.384073e-01,0.000000e+00,8.309527e-03,3.925259e-02,1.859694e-01,2.839914e-01,5.887888e-02,1.115816e-01,6.654551e-01,1.609356e-01,7.054782e+01,5.723010e+00,0.000000e+00,-1.665989e+00,4.057021e+00
6.250000e+01,4.875000e-01,7.821333e-01,3.812900e-01,3.885118e+00,1.893995e+00,1.000000e+00,1.207514e+02,8.613168e+02,2.840184e+04,1.384590e+04,9.348535e+00,-2.530152e+00,6.818382e+00,2.706470e+01,4.959143e+01,9.862789e+01,1.763215e+02,3.483612e-01,4.337722e-01,1.288252e-01,0.000000e+00,7.151684e-03,3.820370e-02,1.741806e-01,2.719583e-01,5.730555e-02,1.045084e-01,6.254982e-01,1.566352e-01,7.112726e+01,5.326800e+00,0.000000e+00,-1.441682e+00,3.885118e+00
6.250000e+01,5.250000e-01,7.437722e-01,3.904804e-01,3.736290e+00,1.961552e+00,1.000000e+00,1.301500e+02,8.320366e+02,2.840184e+04,1.491097e+04,9.420597e+00,-2.359008e+00,7.061589e+00,2.504096e+01,5.340654e+01,9.867456e+01,1.852337e+02,3.279461e-01,4.158261e-01,1.205455e-01,0.000000e+00,6.159617e-03,3.726795e-02,1.639731e-01,2.615403e-01,5.590192e-02,9.838384e-02,5.909736e-01,1.527986e-01,7.166773e+01,4.984443e+00,0.000000e+00,-1.248152e+00,3.736290e+00
6.250000e+01,5.625000e-01,7.101804e-01,3.994765e-01,3.606085e+00,2.028423e+00,1.000000e+00,1.411355e+02,8.027205e+02,2.840184e+04,1.597604e+04,9.487991e+00,-2.185668e+00,7.302323e+00,2.303615e+01,5.722170e+01,9.872129e+01,1.939950e+02,3.100858e-01,4.000946e-01,1.133140e-01,0.000000e+00,5.300245e-03,3.642863e-02,1.550429e-01,2.524260e-01,5.464295e-02,9.302573e-02,5.608230e-01,1.493574e-01,7.217318e+01,4.685427e+00,0.000000e+00,-1.079342e+00,3.606085e+00
6.250000e+01,6.000000e-01,6.805032e-01,4.083019e-01,3.491138e+00,2.094683e+00,1.000000e+00,1.541433e+02,7.727037e+02,2.840184e+04,1.704110e+04,9.551190e+00,-2.010333e+00,7.540857e+00,2.104799e+01,6.103692e+01,9.876913e+01,2.026286e+02,2.943200e-01,3.861832e-01,1.069395e-01,0.000000e+00,4.548776e-03,3.567173e-02,1.471600e-01,2.443796e-01,5.350760e-02,8.829600e-02,5.342492e-01,1.462541e-01,7.264718e+01,4.421847e+00,0.000000e+00,-9.307098e-01,3.491138e+00
6.250000e+01,6.375000e-01,6.540800e-01,4.169760e-01,3.388851e+00,2.160393e+00,1.000000e+00,1.697828e+02,7.413197e+02,2.840184e+04,1.810617e+04,9.610617e+00,-1.833203e+00,7.777414e+00,1.907477e+01,6.485222e+01,9.881915e+01,2.111513e+02,2.802939e-01,3.737861e-01,1.012752e-01,0.000000e+00,3.886282e-03,3.498552e-02,1.401470e-01,2.372196e-01,5.247828e-02,8.408818e-02,5.106394e-01,1.434406e-01,7.309288e+01,4.187633e+00,0.000000e+00,-7.987815e-01,3.388851e+00
6.250000e+01,6.750000e-01,6.303914e-01,4.255142e-01,3.297186e+00,2.225600e+00,1.000000e+00,1.889325e+02,7.079155e+02,2.840184e+04,1.917124e+04,9.666644e+00,-1.654482e+00,8.012161e+00,1.711538e+01,6.866761e+01,9.887239e+01,2.195760e+02,2.677293e-01,3.626621e-01,9.620637e-02,0.000000e+00,3.298080e-03,3.436021e-02,1.338647e-01,2.308030e-01,5.154032e-02,8.031880e-02,4.895146e-01,1.408769e-01,7.351308e+01,3.978043e+00,0.000000e+00,-6.808570e-01,3.297186e+00
6.250000e+01,7.125000e-01,6.090232e-01,4.339290e-01,3.214508e+00,2.290337e+00,1.000000e+00,2.129064e+02,6.718905e+02,2.840184e+04,2.023631e+04,9.719601e+00,-1.474388e+00,8.245214e+00,1.516922e+01,7.248310e+01,9.892980e+01,2.279120e+02,2.564048e-01,3.526184e-01,9.164219e-02,0.000000e+00,2.772630e-03,3.378758e-02,1.282024e-01,2.250156e-01,5.068138e-02,7.692144e-02,4.704941e-01,1.385291e-01,7.391026e+01,3.789318e+00,0.000000e+00,-5.748100e-01,3.214508e+00
6.250000e+01,7.500000e-01,5.896399e-01,4.422300e-01,3.139488e+00,2.354616e+00,1.000000e+00,2.437574e+02,6.327701e+02,2.840184e+04,2.130138e+04,9.769787e+00,-1.293168e+00,8.476618e+00,1.323640e+01,7.629872e+01,9.899215e+01,2.361661e+02,2.461421e-01,3.434978e-01,8.750960e-02,0.000000e+00,2.300782e-03,3.326067e-02,1.230711e-01,2.197642e-01,4.989101e-02,7.384264e-02,4.532712e-01,1.363688e-01,7.428665e+01,3.618440e+00,0.000000e+00,-4.789512e-01,3.139488e+00
6.250000e+01,7.875000e-01,5.719664e-01,4.504235e-01,3.071018e+00,2.418427e+00,1.000000e+00,2.848738e+02,5.903225e+02,2.840184e+04,2.236645e+04,9.817472e+00,-1.111136e+00,8.706336e+00,1.131794e+01,8.011448e+01,9.905979e+01,2.443423e+02,2.367960e-01,3.351703e-01,8.374927e-02,0.000000e+00,1.875250e-03,3.277350e-02,1.183980e-01,2.149713e-01,4.916025e-02,7.103881e-02,4.375950e-01,1.343714e-01,7.464429e+01,3.462953e+00,0.000000e+00,-3.919350e-01,3.071018e+00
6.250000e+01,8.250000e-01,5.557730e-01,4.585128e-01,3.008148e+00,2.481722e+00,1.000000e+00,3.422563e+02,5.447260e+02,2.840184e+04,2.343152e+04,9.862916e+00,-9.287158e-01,8.934200e+00,9.416240e+00,8.393038e+01,9.913244e+01,2.524420e+02,2.282472e-01,3.275258e-01,8.031252e-02,0.000000e+00,1.490269e-03,3.232083e-02,1.141236e-01,2.105704e-01,4.848124e-02,6.847417e-02,4.232576e-01,1.325154e-01,7.498512e+01,3.320847e+00,0.000000e+00,-3.126989e-01,3.008148e+00
6.250000e+01,8.625000e-01,nan,nan,nan,nan,nan,nan,nan,nan,nan,nan,nan,nan,nan,nan,nan,nan,nan,nan,nan,nan,nan,nan,nan,nan,nan,nan,nan,nan,nan,nan,nan,nan,nan
6.250000e+01,9.000000e-01,nan,nan,nan,nan,nan,nan,nan,nan,nan,nan,nan,nan,nan,nan,nan,nan,nan,nan,nan,nan,nan,nan,nan,nan,nan,nan,nan,nan,nan,nan,nan,nan,nan
6.968750e+01,3.000000e-01,1.201045e+00,3.603134e-01,5.817588e+00,1.745277e+00,1.000000e+00,9.899538e+01,1.000000e+03,2.840184e+04,8.520552e+03,1.026516e+01,-3.982163e+00,6.282996e+00,3.879300e+01,3.058578e+01,9.857111e+01,1.073489e+02,5.670144e-01,6.340302e-01,2.298668e-01,0.000000e+00,1.584393e-02,3.779647e-02,2.835072e-01,4.072312e-01,5.669470e-02,1.701043e-01,1.046079e+00,1.549655e-01,7.800194e+01,9.504776e+00,0.000000e+00,-3.687188e+00,5.817588e+00
6.968750e+01,3.375000e-01,1.098268e+00,3.706653e-01,5.370686e+00,1.812607e+00,1.000000e+00,1.045084e+02,1.000000e+03,2.840184e+04,9.585621e+03,1.025653e+01,-3.731148e+00,6.525383e+00,3.637826e+01,3.440901e+01,9.857111e+01,1.222374e+02,5.114884e-01,5.867793e-01,2.041543e-01,0.000000e+00,1.333338e-02,3.825648e-02,2.557442e-01,3.759480e-01,5.738472e-02,1.534465e-01,9.414161e-01,1.568516e-01,7.793723e+01,8.441590e+00,0.000000e+00,-3.070904e+00,5.370686e+00
6.968750e+01,3.750000e-01,1.015267e+00,3.807253e-01,5.001446e+00,1.875542e+00,1.000000e+00,1.106756e+02,1.000000e+03,2.840184e+04,1.065069e+04,1.022916e+01,-3.477207e+00,6.751951e+00,3.399309e+01,3.823223e+01,9.857111e+01,1.379171e+02,4.668424e-01,5.484250e-01,1.832485e-01,0.000000e+00,1.132526e-02,3.884738e-02,2.334212e-01,3.501012e-01,5.827108e-02,1.400527e-01,8.559931e-01,1.592743e-01,7.773194e+01,7.577154e+00,0.000000e+00,-2.575709e+00,5.001446e+00
6.968750e+01,4.125000e-01,9.471556e-01,3.907017e-01,4.690633e+00,1.934886e+00,1.000000e+00,1.176203e+02,1.000000e+03,2.840184e+04,1.171576e+04,1.018932e+01,-3.223733e+00,6.965591e+00,3.163834e+01,4.205545e+01,9.857111e+01,1.544864e+02,4.303641e-01,5.167915e-01,1.659408e-01,0.000000e+00,9.682580e-03,3.955862e-02,2.151820e-01,3.283443e-01,5.933793e-02,1.291092e-01,7.849652e-01,1.621903e-01,7.743318e+01,6.861497e+00,0.000000e+00,-2.170864e+00,4.690633e+00
6.968750e+01,4.500000e-01,8.905068e-01,4.007280e-01,4.428580e+00,1.992861e+00,1.000000e+00,1.255014e+02,9.964667e+02,2.840184e+04,1.278083e+04,1.015282e+01,-2.978518e+00,7.174300e+00,2.933686e+01,4.587871e+01,9.857617e+01,1.712571e+02,4.001602e-01,4.903466e-01,1.515675e-01,0.000000e+00,8.314038e-03,4.019860e-02,2.000801e-01,3.100006e-01,6.029790e-02,1.200481e-01,7.256925e-01,1.648143e-01,7.715938e+01,6.267171e+00,0.000000e+00,-1.838591e+00,4.428580e+00
6.968750e+01,4.875000e-01,8.423667e-01,4.106538e-01,4.239741e+00,2.066874e+00,1.000000e+00,1.345477e+02,9.606207e+02,2.840184e+04,1.384590e+04,1.023227e+01,-2.791527e+00,7.440745e+00,2.728159e+01,4.970237e+01,9.862742e+01,1.805251e+02,3.745485e-01,4.678182e-01,1.410033e-01,0.000000e+00,7.156455e-03,3.911449e-02,1.872743e-01,2.967819e-01,5.867174e-02,1.123646e-01,6.819973e-01,1.603694e-01,7.775529e+01,5.830354e+00,0.000000e+00,-1.590613e+00,4.239741e+00
6.968750e+01,5.250000e-01,8.006684e-01,4.203509e-01,4.076292e+00,2.140053e+00,1.000000e+00,1.450005e+02,9.254804e+02,2.840184e+04,1.491097e+04,1.030626e+01,-2.602066e+00,7.704192e+00,2.524744e+01,5.352608e+01,9.867767e+01,1.896190e+02,3.523866e-01,4.482818e-01,1.318784e-01,0.000000e+00,6.164678e-03,3.815024e-02,1.761933e-01,2.853404e-01,5.722536e-02,1.057160e-01,6.442524e-01,1.564160e-01,7.831018e+01,5.453046e+00,0.000000e+00,-1.376754e+00,4.076292e+00
6.968750e+01,5.625000e-01,7.641757e-01,4.298488e-01,3.933325e+00,2.212495e+00,1.000000e+00,1.572123e+02,8.902962e+02,2.840184e+04,1.597604e+04,1.037537e+01,-2.410383e+00,7.964983e+00,2.323179e+01,5.734986e+01,9.872797e+01,1.985673e+02,3.330093e-01,4.311664e-01,1.239118e-01,0.000000e+00,5.305632e-03,3.728721e-02,1.665047e-01,2.753327e-01,5.593081e-02,9.990280e-02,6.112982e-01,1.528776e-01,7.882849e+01,5.123637e+00,0.000000e+00,-1.190313e+00,3.933325e+00
6.968750e+01,6.000000e-01,7.319522e-01,4.391713e-01,3.807129e+00,2.284277e+00,1.000000e+00,1.716632e+02,8.543623e+02,2.840184e+04,1.704110e+04,1.044011e+01,-2.216715e+00,8.223398e+00,2.123267e+01,6.117372e+01,9.877935e+01,2.073908e+02,3.159138e-01,4.160383e-01,1.168923e-01,0.000000e+00,4.554532e-03,3.651010e-02,1.579569e-01,2.664990e-01,5.476516e-02,9.477415e-02,5.822607e-01,1.496914e-01,7.931410e+01,4.833386e+00,0.000000e+00,-1.026257e+00,3.807129e+00
6.968750e+01,6.375000e-01,7.032744e-01,4.483375e-01,3.694840e+00,2.355461e+00,1.000000e+00,1.890238e+02,8.170254e+02,2.840184e+04,1.810617e+04,1.050095e+01,-2.021293e+00,8.479658e+00,1.924867e+01,6.499766e+01,9.883272e+01,2.161054e+02,3.007124e-01,4.025621e-01,1.106574e-01,0.000000e+00,3.892460e-03,3.580636e-02,1.503562e-01,2.586388e-01,5.370953e-02,9.021371e-02,5.564684e-01,1.468061e-01,7.977039e+01,4.575578e+00,0.000000e+00,-8.807377e-01,3.694840e+00
6.968750e+01,6.750000e-01,6.775745e-01,4.573628e-01,3.594208e+00,2.426090e+00,1.000000e+00,2.102586e+02,7.777100e+02,2.840184e+04,1.917124e+04,1.055828e+01,-1.824351e+00,8.733925e+00,1.727888e+01,6.882171e+01,9.888893e+01,2.247226e+02,2.871012e-01,3.904733e-01,1.050803e-01,0.000000e+00,3.304743e-03,3.516558e-02,1.435506e-01,2.515946e-01,5.274837e-02,8.613035e-02,5.333956e-01,1.441789e-01,8.020032e+01,4.344970e+00,0.000000e+00,-7.507619e-01,3.594208e+00
6.968750e+01,7.125000e-01,6.543991e-01,4.662594e-01,3.503430e+00,2.496194e+00,1.000000e+00,2.368055e+02,7.359660e+02,2.840184e+04,2.023631e+04,1.061244e+01,-1.626141e+00,8.986298e+00,1.532297e+01,7.264587e+01,9.894860e+01,2.332513e+02,2.748387e-01,3.795604e-01,1.000604e-01,0.000000e+00,2.779857e-03,3.457912e-02,1.374194e-01,2.452401e-01,5.186868e-02,8.245162e-02,5.126247e-01,1.417744e-01,8.060654e+01,4.137403e+00,0.000000e+00,-6.339730e-01,3.503430e+00
6.968750e+01,7.500000e-01,6.333820e-01,4.750365e-01,3.421037e+00,2.565778e+00,1.000000e+00,2.709017e+02,6.915426e+02,2.840184e+04,2.130138e+04,1.066375e+01,-1.426950e+00,9.236800e+00,1.338132e+01,7.647015e+01,9.901209e+01,2.416974e+02,2.637307e-01,3.696513e-01,9.551698e-02,0.000000e+00,2.308671e-03,3.403969e-02,1.318653e-01,2.394726e-01,5.105953e-02,7.911920e-02,4.938193e-01,1.395627e-01,8.099138e+01,3.949537e+00,0.000000e+00,-5.285001e-01,3.421037e+00
6.968750e+01,7.875000e-01,6.142223e-01,4.837000e-01,3.345804e+00,2.634821e+00,1.000000e+00,3.162211e+02,6.444856e+02,2.840184e+04,2.236645e+04,1.071250e+01,-1.227144e+00,9.485356e+00,1.145525e+01,8.029457e+01,9.907935e+01,2.500647e+02,2.536188e-01,3.606035e-01,9.138442e-02,0.000000e+00,1.883923e-03,3.354104e-02,1.268094e-01,2.342063e-01,5.031156e-02,7.608563e-02,4.767040e-01,1.375183e-01,8.135699e+01,3.778659e+00,0.000000e+00,-4.328549e-01,3.345804e+00
6.968750e+01,8.250000e-01,nan,nan,nan,nan,nan,nan,nan,nan,nan,nan,nan,nan,nan,nan,nan,nan,nan,nan,nan,nan,nan,nan,nan,nan,nan,nan,nan,nan,nan,nan,nan,nan,nan
6.968750e+01,8.625000e-01,nan,nan,nan,nan,nan,nan,nan,nan,nan,nan,nan,nan,nan,nan,nan,nan,nan,nan,nan,nan,nan,nan,nan,nan,nan,nan,nan,nan,nan,nan,nan,nan,nan
6.968750e+01,9.000000e-01,nan,nan,nan,nan,nan,nan,nan,nan,nan,nan,nan,nan,nan,nan,nan,nan,nan,nan,nan,nan,nan,nan,nan,nan,nan,nan,nan,nan,nan,nan,nan,nan,nan
7.687500e+01,3.000000e-01,nan,nan,nan,nan,nan,nan,nan,nan,nan,nan,nan,nan,nan,nan,nan,nan,nan,nan,nan,nan,nan,nan,nan,nan,nan,nan,nan,nan,nan,nan,nan,nan,nan
7.687500e+01,3.375000e-01,nan,nan,nan,nan,nan,nan,nan,nan,nan,nan,nan,nan,nan,nan,nan,nan,nan,nan,nan,nan,nan,nan,nan,nan,nan,nan,nan,nan,nan,nan,nan,nan,nan
7.687500e+01,3.750000e-01,nan,nan,nan,nan,nan,nan,nan,nan,nan,nan,nan,nan,nan,nan,nan,nan,nan,nan,nan,nan,nan,nan,nan,nan,nan,nan,nan,nan,nan,nan,nan,nan,nan
7.687500e+01,4.125000e-01,nan,nan,nan,nan,nan,nan,nan,nan,nan,nan,nan,nan,nan,nan,nan,nan,nan,nan,nan,nan,nan,nan,nan,nan,nan,nan,nan,nan,nan,nan,nan,nan,nan
7.687500e+01,4.500000e-01,nan,nan,nan,nan,nan,nan,nan,nan,nan,nan,nan,nan,nan,nan,nan,nan,nan,nan,nan,nan,nan,nan,nan,nan,nan,nan,nan,nan,nan,nan,nan,nan,nan
7.687500e+01,4.875000e-01,nan,nan,nan,nan,nan,nan,nan,nan,nan,nan,nan,nan,nan,nan,nan,nan,nan,nan,nan,nan,nan,nan,nan,nan,nan,nan,nan,nan,nan,nan,nan,nan,nan
7.687500e+01,5.250000e-01,nan,nan,nan,nan,nan,nan,nan,nan,nan,nan,nan,nan,nan,nan,nan,nan,nan,nan,nan,nan,nan,nan,nan,nan,nan,nan,nan,nan,nan,nan,nan,nan,nan
7.687500e+01,5.625000e-01,8.192348e-01,4.608196e-01,4.241639e+00,2.385922e+00,1.000000e+00,1.732209e+02,9.975491e+02,2.840184e+04,1.597604e+04,1.119823e+01,-2.608914e+00,8.589319e+00,2.329755e+01,5.748099e+01,9.870788e+01,2.088426e+02,3.565346e-01,4.627002e-01,1.337392e-01,0.000000e+00,5.311339e-03,3.921673e-02,1.782673e-01,2.969147e-01,5.882509e-02,1.069604e-01,6.584463e-01,1.607886e-01,8.500000e+01,5.529992e+00,0.000000e+00,-1.288353e+00,4.241639e+00
7.687500e+01,6.000000e-01,7.846954e-01,4.708173e-01,4.084505e+00,2.450703e+00,1.000000e+00,1.890754e+02,9.700079e+02,2.840184e+04,1.704110e+04,1.119823e+01,-2.375701e+00,8.822532e+00,2.121497e+01,6.131346e+01,9.874358e+01,2.229656e+02,3.383862e-01,4.463092e-01,1.253805e-01,0.000000e+00,4.560604e-03,3.925197e-02,1.691931e-01,2.859154e-01,5.887795e-02,1.015159e-01,6.237624e-01,1.609331e-01,8.500000e+01,5.184367e+00,0.000000e+00,-1.099862e+00,4.084505e+00
7.687500e+01,6.375000e-01,7.541002e-01,4.807389e-01,3.944251e+00,2.514460e+00,1.000000e+00,2.081072e+02,9.389517e+02,2.840184e+04,1.810617e+04,1.119823e+01,-2.146177e+00,9.052057e+00,1.916532e+01,6.514604e+01,9.878384e+01,2.370757e+02,3.223702e-01,4.317300e-01,1.180052e-01,0.000000e+00,3.898948e-03,3.928092e-02,1.611851e-01,2.760976e-01,5.892137e-02,9.671105e-02,5.930484e-01,1.610518e-01,8.500000e+01,4.879404e+00,0.000000e+00,-9.351533e-01,3.944251e+00
7.687500e+01,6.750000e-01,7.267974e-01,4.905882e-01,3.818126e+00,2.577235e+00,1.000000e+00,2.313621e+02,9.041670e+02,2.840184e+04,1.917124e+04,1.119823e+01,-1.920187e+00,9.278046e+00,1.714723e+01,6.897874e+01,9.882892e+01,2.511741e+02,3.081318e-01,4.186656e-01,1.114494e-01,0.000000e+00,3.311709e-03,3.930482e-02,1.540659e-01,2.672688e-01,5.895723e-02,9.243954e-02,5.656476e-01,1.611498e-01,8.500000e+01,4.608326e+00,0.000000e+00,-7.902005e-01,3.818126e+00
7.687500e+01,7.125000e-01,7.022708e-01,5.003680e-01,3.703937e+00,2.639055e+00,1.000000e+00,2.603943e+02,8.655537e+02,2.840184e+04,2.023631e+04,1.119823e+01,-1.697635e+00,9.500598e+00,1.515985e+01,7.281157e+01,9.887897e+01,2.652612e+02,2.953911e-01,4.068797e-01,1.055836e-01,0.000000e+00,2.787378e-03,3.932455e-02,1.476955e-01,2.592756e-01,5.898682e-02,8.861732e-02,5.410402e-01,1.612306e-01,8.500000e+01,4.365783e+00,0.000000e+00,-6.618460e-01,3.703937e+00
7.687500e+01,7.500000e-01,6.801053e-01,5.100790e-01,3.599903e+00,2.699927e+00,1.000000e+00,2.976126e+02,8.232012e+02,2.840184e+04,2.130138e+04,1.119823e+01,-1.478496e+00,9.719737e+00,1.320294e+01,7.664455e+01,9.893386e+01,2.793370e+02,2.839239e-01,3.961814e-01,1.003044e-01,0.000000e+00,2.316838e-03,3.934070e-02,1.419620e-01,2.519932e-01,5.901104e-02,8.517718e-02,5.188085e-01,1.612969e-01,8.500000e+01,4.147494e+00,0.000000e+00,-5.475913e-01,3.599903e+00
7.687500e+01,7.875000e-01,6.599625e-01,5.197205e-01,3.504543e+00,2.759828e+00,1.000000e+00,3.469525e+02,7.774824e+02,2.840184e+04,2.236645e+04,1.119823e+01,-1.262853e+00,9.935381e+00,1.127725e+01,8.047766e+01,9.899310e+01,2.934008e+02,2.735492e-01,3.864133e-01,9.552803e-02,0.000000e+00,1.892853e-03,3.935369e-02,1.367746e-01,2.453180e-01,5.903054e-02,8.206475e-02,4.986123e-01,1.613501e-01,8.500000e+01,3.949994e+00,0.000000e+00,-4.454507e-01,3.504543e+00
7.687500e+01,8.250000e-01,nan,nan,nan,nan,nan,nan,nan,nan,nan,nan,nan,nan,nan,nan,nan,nan,nan,nan,nan,nan,nan,nan,nan,nan,nan,nan,nan,nan,nan,nan,nan,nan,nan
7.687500e+01,8.625000e-01,nan,nan,nan,nan,nan,nan,nan,nan,nan,nan,nan,nan,nan,nan,nan,nan,nan,nan,nan,nan,nan,nan,nan,nan,nan,nan,nan,nan,nan,nan,nan,nan,nan
7.687500e+01,9.000000e-01,nan,nan,nan,nan,nan,nan,nan,nan,nan,nan,nan,nan,nan,nan,nan,nan,nan,nan,nan,nan,nan,nan,nan,nan,nan,nan,nan,nan,nan,nan,nan,nan,nan
8.406250e+01,3.000000e-01,nan,nan,nan,nan,nan,nan,nan,nan,nan,nan,nan,nan,nan,nan,nan,nan,nan,nan,nan,nan,nan,nan,nan,nan,nan,nan,nan,nan,nan,nan,nan,nan,nan
8.406250e+01,3.375000e-01,nan,nan,nan,nan,nan,nan,nan,nan,nan,nan,nan,nan,nan,nan,nan,nan,nan,nan,nan,nan,nan,nan,nan,nan,nan,nan,nan,nan,nan,nan,nan,nan,nan
8.406250e+01,3.750000e-01,nan,nan,nan,nan,nan,nan,nan,nan,nan,nan,nan,nan,nan,nan,nan,nan,nan,nan,nan,nan,nan,nan,nan,nan,nan,nan,nan,nan,nan,nan,nan,nan,nan
8.406250e+01,4.125000e-01,nan,nan,nan,nan,nan,nan,nan,nan,nan,nan,nan,nan,nan,nan,nan,nan,nan,nan,nan,nan,nan,nan,nan,nan,nan,nan,nan,nan,nan,nan,nan,nan,nan
8.406250e+01,4.500000e-01,nan,nan,nan,nan,nan,nan,nan,nan,nan,nan,nan,nan,nan,nan,nan,nan,nan,nan,nan,nan,nan,nan,nan,nan,nan,nan,nan,nan,nan,nan,nan,nan,nan
8.406250e+01,4.875000e-01,nan,nan,nan,nan,nan,nan,nan,nan,nan,nan,nan,nan,nan,nan,nan,nan,nan,nan,nan,nan,nan,nan,nan,nan,nan,nan,nan,nan,nan,nan,nan,nan,nan
8.406250e+01,5.250000e-01,nan,nan,nan,nan,nan,nan,nan,nan,nan,nan,nan,nan,nan,nan,nan,nan,nan,nan,nan,nan,nan,nan,nan,nan,nan,nan,nan,nan,nan,nan,nan,nan,nan
8.406250e+01,5.625000e-01,nan,nan,nan,nan,nan,nan,nan,nan,nan,nan,nan,nan,nan,nan,nan,nan,nan,nan,nan,nan,nan,nan,nan,nan,nan,nan,nan,nan,nan,nan,nan,nan,nan
8.406250e+01,6.000000e-01,nan,nan,nan,nan,nan,nan,nan,nan,nan,nan,nan,nan,nan,nan,nan,nan,nan,nan,nan,nan,nan,nan,nan,nan,nan,nan,nan,nan,nan,nan,nan,nan,nan
8.406250e+01,6.375000e-01,nan,nan,nan,nan,nan,nan,nan,nan,nan,nan,nan,nan,nan,nan,nan,nan,nan,nan,nan,nan,nan,nan,nan,nan,nan,nan,nan,nan,nan,nan,nan,nan,nan
8.406250e+01,6.750000e-01,nan,nan,nan,nan,nan,nan,nan,nan,nan,nan,nan,nan,nan,nan,nan,nan,nan,nan,nan,nan,nan,nan,nan,nan,nan,nan,nan,nan,nan,nan,nan,nan,nan
8.406250e+01,7.125000e-01,nan,nan,nan,nan,nan,nan,nan,nan,nan,nan,nan,nan,nan,nan,nan,nan,nan,nan,nan,nan,nan,nan,nan,nan,nan,nan,nan,nan,nan,nan,nan,nan,nan
8.406250e+01,7.500000e-01,nan,nan,nan,nan,nan,nan,nan,nan,nan,nan,nan,nan,nan,nan,nan,nan,nan,nan,nan,nan,nan,nan,nan,nan,nan,nan,nan,nan,nan,nan,nan,nan,nan
8.406250e+01,7.875000e-01,nan,nan,nan,nan,nan,nan,nan,nan,nan,nan,nan,nan,nan,nan,nan,nan,nan,nan,nan,nan,nan,nan,nan,nan,nan,nan,nan,nan,nan,nan,nan,nan,nan
8.406250e+01,8.250000e-01,nan,nan,nan,nan,nan,nan,nan,nan,nan,nan,nan,nan,nan,nan,nan,nan,nan,nan,nan,nan,nan,nan,nan,nan,nan,nan,nan,nan,nan,nan,nan,nan,nan
8.406250e+01,8.625000e-01,nan,nan,nan,nan,nan,nan,nan,nan,nan,nan,nan,nan,nan,nan,nan,nan,nan,nan,nan,nan,nan,nan,nan,nan,nan,nan,nan,nan,nan,nan,nan,nan,nan
8.406250e+01,9.000000e-01,nan,nan,nan,nan,nan,nan,nan,nan,nan,nan,nan,nan,nan,nan,nan,nan,nan,nan,nan,nan,nan,nan,nan,nan,nan,nan,nan,nan,nan,nan,nan,nan,nan
9.125000e+01,3.000000e-01,nan,nan,nan,nan,nan,nan,nan,nan,nan,nan,nan,nan,nan,nan,nan,nan,nan,nan,nan,nan,nan,nan,nan,nan,nan,nan,nan,nan,nan,nan,nan,nan,nan
9.125000e+01,3.375000e-01,nan,nan,nan,nan,nan,nan,nan,nan,nan,nan,nan,nan,nan,nan,nan,nan,nan,nan,nan,nan,nan,nan,nan,nan,nan,nan,nan,nan,nan,nan,nan,nan,nan
9.125000e+01,3.750000e-01,nan,nan,nan,nan,nan,nan,nan,nan,nan,nan,nan,nan,nan,nan,nan,nan,nan,nan,nan,nan,nan,nan,nan,nan,nan,nan,nan,nan,nan,nan,nan,nan,nan
9.125000e+01,4.125000e-01,nan,nan,nan,nan,nan,nan,nan,nan,nan,nan,nan,nan,nan,nan,nan,nan,nan,nan,nan,nan,nan,nan,nan,nan,nan,nan,nan,nan,nan,nan,nan,nan,nan
9.125000e+01,4.500000e-01,nan,nan,nan,nan,nan,nan,nan,nan,nan,nan,nan,nan,nan,nan,nan,nan,nan,nan,nan,nan,nan,nan,nan,nan,nan,nan,nan,nan,nan,nan,nan,nan,nan
9.125000e+01,4.875000e-01,nan,nan,nan,nan,nan,nan,nan,nan,nan,nan,nan,nan,nan,nan,nan,nan,nan,nan,nan,nan,nan,nan,nan,nan,nan,nan,nan,nan,nan,nan,nan,nan,nan
9.125000e+01,5.250000e-01,nan,nan,nan,nan,nan,nan,nan,nan,nan,nan,nan,nan,nan,nan,nan,nan,nan,nan,nan,nan,nan,nan,nan,nan,nan,nan,nan,nan,nan,nan,nan,nan,nan
9.125000e+01,5.625000e-01,nan,nan,nan,nan,nan,nan,nan,nan,nan,nan,nan,nan,nan,nan,nan,nan,nan,nan,nan,nan,nan,nan,nan,nan,nan,nan,nan,nan,nan,nan,nan,nan,nan
9.125000e+01,6.000000e-01,nan,nan,nan,nan,nan,nan,nan,nan,nan,nan,nan,nan,nan,nan,nan,nan,nan,nan,nan,nan,nan,nan,nan,nan,nan,nan,nan,nan,nan,nan,nan,nan,nan
9.125000e+01,6.375000e-01,nan,nan,nan,nan,nan,nan,nan,nan,nan,nan,nan,nan,nan,nan,nan,nan,nan,nan,nan,nan,nan,nan,nan,nan,nan,nan,nan,nan,nan,nan,nan,nan,nan
9.125000e+01,6.750000e-01,nan,nan,nan,nan,nan,nan,nan,nan,nan,nan,nan,nan,nan,nan,nan,nan,nan,nan,nan,nan,nan,nan,nan,nan,nan,nan,nan,nan,nan,nan,nan,nan,nan
9.125000e+01,7.125000e-01,nan,nan,nan,nan,nan,nan,nan,nan,nan,nan,nan,nan,nan,nan,nan,nan,nan,nan,nan,nan,nan,nan,nan,nan,nan,nan,nan,nan,nan,nan,nan,nan,nan
9.125000e+01,7.500000e-01,nan,nan,nan,nan,nan,nan,nan,nan,nan,nan,nan,nan,nan,nan,nan,nan,nan,nan,nan,nan,nan,nan,nan,nan,nan,nan,nan,nan,nan,nan,nan,nan,nan
9.125000e+01,7.875000e-01,nan,nan,nan,nan,nan,nan,nan,nan,nan,nan,nan,nan,nan,nan,nan,nan,nan,nan,nan,nan,nan,nan,nan,nan,nan,nan,nan,nan,nan,nan,nan,nan,nan
9.125000e+01,8.250000e-01,nan,nan,nan,nan,nan,nan,nan,nan,nan,nan,nan,nan,nan,nan,nan,nan,nan,nan,nan,nan,nan,nan,nan,nan,nan,nan,nan,nan,nan,nan,nan,nan,nan
9.125000e+01,8.625000e-01,nan,nan,nan,nan,nan,nan,nan,nan,nan,nan,nan,nan,nan,nan,nan,nan,nan,nan,nan,nan,nan,nan,nan,nan,nan,nan,nan,nan,nan,nan,nan,nan,nan
9.125000e+01,9.000000e-01,nan,nan,nan,nan,nan,nan,nan,nan,nan,nan,nan,nan,nan,nan,nan,nan,nan,nan,nan,nan,nan,nan,nan,nan,nan,nan,nan,nan,nan,nan,nan,nan,nan
9.843750e+01,3.000000e-01,nan,nan,nan,nan,nan,nan,nan,nan,nan,nan,nan,nan,nan,nan,nan,nan,nan,nan,nan,nan,nan,nan,nan,nan,nan,nan,nan,nan,nan,nan,nan,nan,nan
9.843750e+01,3.375000e-01,nan,nan,nan,nan,nan,nan,nan,nan,nan,nan,nan,nan,nan,nan,nan,nan,nan,nan,nan,nan,nan,nan,nan,nan,nan,nan,nan,nan,nan,nan,nan,nan,nan
9.843750e+01,3.750000e-01,nan,nan,nan,nan,nan,nan,nan,nan,nan,nan,nan,nan,nan,nan,nan,nan,nan,nan,nan,nan,nan,nan,nan,nan,nan,nan,nan,nan,nan,nan,nan,nan,nan
9.843750e+01,4.125000e-01,nan,nan,nan,nan,nan,nan,nan,nan,nan,nan,nan,nan,nan,nan,nan,nan,nan,nan,nan,nan,nan,nan,nan,nan,nan,nan,nan,nan,nan,nan,nan,nan,nan
9.843750e+01,4.500000e-01,nan,nan,nan,nan,nan,nan,nan,nan,nan,nan,nan,nan,nan,nan,nan,nan,nan,nan,nan,nan,nan,nan,nan,nan,nan,nan,nan,nan,nan,nan,nan,nan,nan
9.843750e+01,4.875000e-01,nan,nan,nan,nan,nan,nan,nan,nan,nan,nan,nan,nan,nan,nan,nan,nan,nan,nan,nan,nan,nan,nan,nan,nan,nan,nan,nan,nan,nan,nan,nan,nan,nan
9.843750e+01,5.250000e-01,nan,nan,nan,nan,nan,nan,nan,nan,nan,nan,nan,nan,nan,nan,nan,nan,nan,nan,nan,nan,nan,nan,nan,nan,nan,nan,nan,nan,nan,nan,nan,nan,nan
9.843750e+01,5.625000e-01,nan,nan,nan,nan,nan,nan,nan,nan,nan,nan,nan,nan,nan,nan,nan,nan,nan,nan,nan,nan,nan,nan,nan,nan,nan,nan,nan,nan,nan,nan,nan,nan,nan
9.843750e+01,6.000000e-01,nan,nan,nan,nan,nan,nan,nan,nan,nan,nan,nan,nan,nan,nan,nan,nan,nan,nan,nan,nan,nan,nan,nan,nan,nan,nan,nan,nan,nan,nan,nan,nan,nan
9.843750e+01,6.375000e-01,nan,nan,nan,nan,nan,nan,nan,nan,nan,nan,nan,nan,nan,nan,nan,nan,nan,nan,nan,nan,nan,nan,nan,nan,nan,nan,nan,nan,nan,nan,nan,nan,nan
9.843750e+01,6.750000e-01,nan,nan,nan,nan,nan,nan,nan,nan,nan,nan,nan,nan,nan,nan,nan,nan,nan,nan,nan,nan,nan,nan,nan,nan,nan,nan,nan,nan,nan,nan,nan,nan,nan
9.843750e+01,7.125000e-01,nan,nan,nan,nan,nan,nan,nan,nan,nan,nan,nan,nan,nan,nan,nan,nan,nan,nan,nan,nan,nan,nan,nan,nan,nan,nan,nan,nan,nan,nan,nan,nan,nan
9.843750e+01,7.500000e-01,nan,nan,nan,nan,nan,nan,nan,nan,nan,nan,nan,nan,nan,nan,nan,nan,nan,nan,nan,nan,nan,nan,nan,nan,nan,nan,nan,nan,nan,nan,nan,nan,nan
9.843750e+01,7.875000e-01,nan,nan,nan,nan,nan,nan,nan,nan,nan,nan,nan,nan,nan,nan,nan,nan,nan,nan,nan,nan,nan,nan,nan,nan,nan,nan,nan,nan,nan,nan,nan,nan,nan
9.843750e+01,8.250000e-01,nan,nan,nan,nan,nan,nan,nan,nan,nan,nan,nan,nan,nan,nan,nan,nan,nan,nan,nan,nan,nan,nan,nan,nan,nan,nan,nan,nan,nan,nan,nan,nan,nan
9.843750e+01,8.625000e-01,nan,nan,nan,nan,nan,nan,nan,nan,nan,nan,nan,nan,nan,nan,nan,nan,nan,nan,nan,nan,nan,nan,nan,nan,nan,nan,nan,nan,nan,nan,nan,nan,nan
9.843750e+01,9.000000e-01,nan,nan,nan,nan,nan,nan,nan,nan,nan,nan,nan,nan,nan,nan,nan,nan,nan,nan,nan,nan,nan,nan,nan,nan,nan,nan,nan,nan,nan,nan,nan,nan,nan
1.056250e+02,3.000000e-01,nan,nan,nan,nan,nan,nan,nan,nan,nan,nan,nan,nan,nan,nan,nan,nan,nan,nan,nan,nan,nan,nan,nan,nan,nan,nan,nan,nan,nan,nan,nan,nan,nan
1.056250e+02,3.375000e-01,nan,nan,nan,nan,nan,nan,nan,nan,nan,nan,nan,nan,nan,nan,nan,nan,nan,nan,nan,nan,nan,nan,nan,nan,nan,nan,nan,nan,nan,nan,nan,nan,nan
1.056250e+02,3.750000e-01,nan,nan,nan,nan,nan,nan,nan,nan,nan,nan,nan,nan,nan,nan,nan,nan,nan,nan,nan,nan,nan,nan,nan,nan,nan,nan,nan,nan,nan,nan,nan,nan,nan
1.056250e+02,4.125000e-01,nan,nan,nan,nan,nan,nan,nan,nan,nan,nan,nan,nan,nan,nan,nan,nan,nan,nan,nan,nan,nan,nan,nan,nan,nan,nan,nan,nan,nan,nan,nan,nan,nan
1.056250e+02,4.500000e-01,nan,nan,nan,nan,nan,nan,nan,nan,nan,nan,nan,nan,nan,nan,nan,nan,nan,nan,nan,nan,nan,nan,nan,nan,nan,nan,nan,nan,nan,nan,nan,nan,nan
1.056250e+02,4.875000e-01,nan,nan,nan,nan,nan,nan,nan,nan,nan,nan,nan,nan,nan,nan,nan,nan,nan,nan,nan,nan,nan,nan,nan,nan,nan,nan,nan,nan,nan,nan,nan,nan,nan
1.056250e+02,5.250000e-01,nan,nan,nan,nan,nan,nan,nan,nan,nan,nan,nan,nan,nan,nan,nan,nan,nan,nan,nan,nan,nan,nan,nan,nan,nan,nan,nan,nan,nan,nan,nan,nan,nan
1.056250e+02,5.625000e-01,nan,nan,nan,nan,nan,nan,nan,nan,nan,nan,nan,nan,nan,nan,nan,nan,nan,nan,nan,nan,nan,nan,nan,nan,nan,nan,nan,nan,nan,nan,nan,nan,nan
1.056250e+02,6.000000e-01,nan,nan,nan,nan,nan,nan,nan,nan,nan,nan,nan,nan,nan,nan,nan,nan,nan,nan,nan,nan,nan,nan,nan,nan,nan,nan,nan,nan,nan,nan,nan,nan,nan
1.056250e+02,6.375000e-01,nan,nan,nan,nan,nan,nan,nan,nan,nan,nan,nan,nan,nan,nan,nan,nan,nan,nan,nan,nan,nan,nan,nan,nan,nan,nan,nan,nan,nan,nan,nan,nan,nan
1.056250e+02,6.750000e-01,nan,nan,nan,nan,nan,nan,nan,nan,nan,nan,nan,nan,nan,nan,nan,nan,nan,nan,nan,nan,nan,nan,nan,nan,nan,nan,nan,nan,nan,nan,nan,nan,nan
1.056250e+02,7.125000e-01,nan,nan,nan,nan,nan,nan,nan,nan,nan,nan,nan,nan,nan,nan,nan,nan,nan,nan,nan,nan,nan,nan,nan,nan,nan,nan,nan,nan,nan,nan,nan,nan,nan
1.056250e+02,7.500000e-01,nan,nan,nan,nan,nan,nan,nan,nan,nan,nan,nan,nan,nan,nan,nan,nan,nan,nan,nan,nan,nan,nan,nan,nan,nan,nan,nan,nan,nan,nan,nan,nan,nan
1.056250e+02,7.875000e-01,nan,nan,nan,nan,nan,nan,nan,nan,nan,nan,nan,nan,nan,nan,nan,nan,nan,nan,nan,nan,nan,nan,nan,nan,nan,nan,nan,nan,nan,nan,nan,nan,nan
1.056250e+02,8.250000e-01,nan,nan,nan,nan,nan,nan,nan,nan,nan,nan,nan,nan,nan,nan,nan,nan,nan,nan,nan,nan,nan,nan,nan,nan,nan,nan,nan,nan,nan,nan,nan,nan,nan
1.056250e+02,8.625000e-01,nan,nan,nan,nan,nan,nan,nan,nan,nan,nan,nan,nan,nan,nan,nan,nan,nan,nan,nan,nan,nan,nan,nan,nan,nan,nan,nan,nan,nan,nan,nan,nan,nan
1.056250e+02,9.000000e-01,nan,nan,nan,nan,nan,nan,nan,nan,nan,nan,nan,nan,nan,nan,nan,nan,nan,nan,nan,nan,nan,nan,nan,nan,nan,nan,nan,nan,nan,nan,nan,nan,nan
1.128125e+02,3.000000e-01,nan,nan,nan,nan,nan,nan,nan,nan,nan,nan,nan,nan,nan,nan,nan,nan,nan,nan,nan,nan,nan,nan,nan,nan,nan,nan,nan,nan,nan,nan,nan,nan,nan
1.128125e+02,3.375000e-01,nan,nan,nan,nan,nan,nan,nan,nan,nan,nan,nan,nan,nan,nan,nan,nan,nan,nan,nan,nan,nan,nan,nan,nan,nan,nan,nan,nan,nan,nan,nan,nan,nan
1.128125e+02,3.750000e-01,nan,nan,nan,nan,nan,nan,nan,nan,nan,nan,nan,nan,nan,nan,nan,nan,nan,nan,nan,nan,nan,nan,nan,nan,nan,nan,nan,nan,nan,nan,nan,nan,nan
1.128125e+02,4.125000e-01,nan,nan,nan,nan,nan,nan,nan,nan,nan,nan,nan,nan,nan,nan,nan,nan,nan,nan,nan,nan,nan,nan,nan,nan,nan,nan,nan,nan,nan,nan,nan,nan,nan
1.128125e+02,4.500000e-01,nan,nan,nan,nan,nan,nan,nan,nan,nan,nan,nan,nan,nan,nan,nan,nan,nan,nan,nan,nan,nan,nan,nan,nan,nan,nan,nan,nan,nan,nan,nan,nan,nan
1.128125e+02,4.875000e-01,nan,nan,nan,nan,nan,nan,nan,nan,nan,nan,nan,nan,nan,nan,nan,nan,nan,nan,nan,nan,nan,nan,nan,nan,nan,nan,nan,nan,nan,nan,nan,nan,nan
1.128125e+02,5.250000e-01,nan,nan,nan,nan,nan,nan,nan,nan,nan,nan,nan,nan,nan,nan,nan,nan,nan,nan,nan,nan,nan,nan,nan,nan,nan,nan,nan,nan,nan,nan,nan,nan,nan
1.128125e+02,5.625000e-01,nan,nan,nan,nan,nan,nan,nan,nan,nan,nan,nan,nan,nan,nan,nan,nan,nan,nan,nan,nan,nan,nan,nan,nan,nan,nan,nan,nan,nan,nan,nan,nan,nan
1.128125e+02,6.000000e-01,nan,nan,nan,nan,nan,nan,nan,nan,nan,nan,nan,nan,nan,nan,nan,nan,nan,nan,nan,nan,nan,nan,nan,nan,nan,nan,nan,nan,nan,nan,nan,nan,nan
1.128125e+02,6.375000e-01,nan,nan,nan,nan,nan,nan,nan,nan,nan,nan,nan,nan,nan,nan,nan,nan,nan,nan,nan,nan,nan,nan,nan,nan,nan,nan,nan,nan,nan,nan,nan,nan,nan
1.128125e+02,6.750000e-01,nan,nan,nan,nan,nan,nan,nan,nan,nan,nan,nan,nan,nan,nan,nan,nan,nan,nan,nan,nan,nan,nan,nan,nan,nan,nan,nan,nan,nan,nan,nan,nan,nan
1.128125e+02,7.125000e-01,nan,nan,nan,nan,nan,nan,nan,nan,nan,nan,nan,nan,nan,nan,nan,nan,nan,nan,nan,nan,nan,nan,nan,nan,nan,nan,nan,nan,nan,nan,nan,nan,nan
1.128125e+02,7.500000e-01,nan,nan,nan,nan,nan,nan,nan,nan,nan,nan,nan,nan,nan,nan,nan,nan,nan,nan,nan,nan,nan,nan,nan,nan,nan,nan,nan,nan,nan,nan,nan,nan,nan
1.128125e+02,7.875000e-01,nan,nan,nan,nan,nan,nan,nan,nan,nan,nan,nan,nan,nan,nan,nan,nan,nan,nan,nan,nan,nan,nan,nan,nan,nan,nan,nan,nan,nan,nan,nan,nan,nan
1.128125e+02,8.250000e-01,nan,nan,nan,nan,nan,nan,nan,nan,nan,nan,nan,nan,nan,nan,nan,nan,nan,nan,nan,nan,nan,nan,nan,nan,nan,nan,nan,nan,nan,nan,nan,nan,nan
1.128125e+02,8.625000e-01,nan,nan,nan,nan,nan,nan,nan,nan,nan,nan,nan,nan,nan,nan,nan,nan,nan,nan,nan,nan,nan,nan,nan,nan,nan,nan,nan,nan,nan,nan,nan,nan,nan
1.128125e+02,9.000000e-01,nan,nan,nan,nan,nan,nan,nan,nan,nan,nan,nan,nan,nan,nan,nan,nan,nan,nan,nan,nan,nan,nan,nan,nan,nan,nan,nan,nan,nan,nan,nan,nan,nan
1.200000e+02,3.000000e-01,nan,nan,nan,nan,nan,nan,nan,nan,nan,nan,nan,nan,nan,nan,nan,nan,nan,nan,nan,nan,nan,nan,nan,nan,nan,nan,nan,nan,nan,nan,nan,nan,nan
1.200000e+02,3.375000e-01,nan,nan,nan,nan,nan,nan,nan,nan,nan,nan,nan,nan,nan,nan,nan,nan,nan,nan,nan,nan,nan,nan,nan,nan,nan,nan,nan,nan,nan,nan,nan,nan,nan
1.200000e+02,3.750000e-01,nan,nan,nan,nan,nan,nan,nan,nan,nan,nan,nan,nan,nan,nan,nan,nan,nan,nan,nan,nan,nan,nan,nan,nan,nan,nan,nan,nan,nan,nan,nan,nan,nan
1.200000e+02,4.125000e-01,nan,nan,nan,nan,nan,nan,nan,nan,nan,nan,nan,nan,nan,nan,nan,nan,nan,nan,nan,nan,nan,nan,nan,nan,nan,nan,nan,nan,nan,nan,nan,nan,nan
1.200000e+02,4.500000e-01,nan,nan,nan,nan,nan,nan,nan,nan,nan,nan,nan,nan,nan,nan,nan,nan,nan,nan,nan,nan,nan,nan,nan,nan,nan,nan,nan,nan,nan,nan,nan,nan,nan
1.200000e+02,4.875000e-01,nan,nan,nan,nan,nan,nan,nan,nan,nan,nan,nan,nan,nan,nan,nan,nan,nan,nan,nan,nan,nan,nan,nan,nan,nan,nan,nan,nan,nan,nan,nan,nan,nan
1.200000e+02,5.250000e-01,nan,nan,nan,nan,nan,nan,nan,nan,nan,nan,nan,nan,nan,nan,nan,nan,nan,nan,nan,nan,nan,nan,nan,nan,nan,nan,nan,nan,nan,nan,nan,nan,nan
1.200000e+02,5.625000e-01,nan,nan,nan,nan,nan,nan,nan,nan,nan,nan,nan,nan,nan,nan,nan,nan,nan,nan,nan,nan,nan,nan,nan,nan,nan,nan,nan,nan,nan,nan,nan,nan,nan
1.200000e+02,6.000000e-01,nan,nan,nan,nan,nan,nan,nan,nan,nan,nan,nan,nan,nan,nan,nan,nan,nan,nan,nan,nan,nan,nan,nan,nan,nan,nan,nan,nan,nan,nan,nan,nan,nan
1.200000e+02,6.375000e-01,nan,nan,nan,nan,nan,nan,nan,nan,nan,nan,nan,nan,nan,nan,nan,nan,nan,nan,nan,nan,nan,nan,nan,nan,nan,nan,nan,nan,nan,nan,nan,nan,nan
1.200000e+02,6.750000e-01,nan,nan,nan,nan,nan,nan,nan,nan,nan,nan,nan,nan,nan,nan,nan,nan,nan,nan,nan,nan,nan,nan,nan,nan,nan,nan,nan,nan,nan,nan,nan,nan,nan
1.200000e+02,7.125000e-01,nan,nan,nan,nan,nan,nan,nan,nan,nan,nan,nan,nan,nan,nan,nan,nan,nan,nan,nan,nan,nan,nan,nan,nan,nan,nan,nan,nan,nan,nan,nan,nan,nan
1.200000e+02,7.500000e-01,nan,nan,nan,nan,nan,nan,nan,nan,nan,nan,nan,nan,nan,nan,nan,nan,nan,nan,nan,nan,nan,nan,nan,nan,nan,nan,nan,nan,nan,nan,nan,nan,nan
1.200000e+02,7.875000e-01,nan,nan,nan,nan,nan,nan,nan,nan,nan,nan,nan,nan,nan,nan,nan,nan,nan,nan,nan,nan,nan,nan,nan,nan,nan,nan,nan,nan,nan,nan,nan,nan,nan
1.200000e+02,8.250000e-01,nan,nan,nan,nan,nan,nan,nan,nan,nan,nan,nan,nan,nan,nan,nan,nan,nan,nan,nan,nan,nan,nan,nan,nan,nan,nan,nan,nan,nan,nan,nan,nan,nan
1.200000e+02,8.625000e-01,nan,nan,nan,nan,nan,nan,nan,nan,nan,nan,nan,nan,nan,nan,nan,nan,nan,nan,nan,nan,nan,nan,nan,nan,nan,nan,nan,nan,nan,nan,nan,nan,nan
1.200000e+02,9.000000e-01,nan,nan,nan,nan,nan,nan,nan,nan,nan,nan,nan,nan,nan,nan,nan,nan,nan,nan,nan,nan,nan,nan,nan,nan,nan,nan,nan,nan,nan,nan,nan,nan,nan
