,filtered_x,filtered_y,bvs_est,test_xs,obj,media,species,curve_id,fs.unit.freund_k,fs.unit.freund_ninv
0,0.005,195.30728971359375,-2315.4111462826622,0.01,93521785.67809227,calgon_f600,PFOA,1,28.403732962243087,0.9192851010693389
1,0.005,7812.291667643202,7913.415228491138,0.059000000000000004,93521785.67809227,calgon_f600,PFOA,1,28.403732962243087,0.9192851010693389
2,0.1691744287974683,11718.437501464809,14127.34382520654,0.108,93521785.67809227,calgon_f600,PFOA,1,28.403732962243087,0.9192851010693389
3,0.2089801767088607,13866.817710286408,18821.076252976323,0.15700000000000003,93521785.67809227,calgon_f600,PFOA,1,28.403732962243087,0.9192851010693389
4,0.2686887986708861,16991.734376464807,22780.481163864137,0.20600000000000002,93521785.67809227,calgon_f600,PFOA,1,28.403732962243087,0.9192851010693389
5,0.2786402356329113,18944.807291178397,26282.995548324765,0.255,93521785.67809227,calgon_f600,PFOA,1,28.403732962243087,0.9192851010693389
6,0.3084945465822785,20897.880210286407,29477.876349100843,0.30400000000000005,93521785.67809227,calgon_f600,PFOA,1,28.403732962243087,0.9192851010693389
7,0.3084945465822785,23241.5677088216,32461.41310978741,0.35300000000000004,93521785.67809227,calgon_f600,PFOA,1,28.403732962243087,0.9192851010693389
8,0.3582517315189873,25194.640623535197,35302.572253605846,0.402,93521785.67809227,calgon_f600,PFOA,1,28.403732962243087,0.9192851010693389
9,0.3980574794936708,27147.713542643203,38056.461215479445,0.451,93521785.67809227,calgon_f600,PFOA,1,28.403732962243087,0.9192851010693389
10,0.4080089165189873,37108.38541471359,40772.8731393894,0.5,93521785.67809227,calgon_f600,PFOA,1,28.403732962243087,0.9192851010693389
11,0.4179603534810126,43162.9114573568,43502.93371972321,0.549,93521785.67809227,calgon_f600,PFOA,1,28.403732962243087,0.9192851010693389
12,0.4279117904430379,49022.130227864065,46306.00754894024,0.5980000000000001,93521785.67809227,calgon_f600,PFOA,1,28.403732962243087,0.9192851010693389
13,0.4378632274683544,51170.510397135935,49259.132115267734,0.647,93521785.67809227,calgon_f600,PFOA,1,28.403732962243087,0.9192851010693389
14,0.4677175384177214,56053.192727864065,52472.450969392245,0.6960000000000001,93521785.67809227,calgon_f600,PFOA,1,28.403732962243087,0.9192851010693389
15,,,56116.88755794184,0.745,93521785.67809227,calgon_f600,PFOA,1,28.403732962243087,0.9192851010693389
16,,,60476.382091907915,0.794,93521785.67809227,calgon_f600,PFOA,1,28.403732962243087,0.9192851010693389
17,,,66059.58671863165,0.8430000000000001,93521785.67809227,calgon_f600,PFOA,1,28.403732962243087,0.9192851010693389
18,,,73927.73155045751,0.892,93521785.67809227,calgon_f600,PFOA,1,28.403732962243087,0.9192851010693389
19,,,86904.76206219762,0.9410000000000001,93521785.67809227,calgon_f600,PFOA,1,28.403732962243087,0.9192851010693389
20,,,112593.87916310434,0.99,93521785.67809227,calgon_f600,PFOA,1,28.403732962243087,0.9192851010693389
21,0.005,390.6145838216016,12863.030031835877,0.01,39023779.05995369,calgon_f600,PFOA,2,26.664072277268204,0.91073617979192
22,0.005,7812.291667643202,20418.637706670605,0.059000000000000004,39023779.05995369,calgon_f600,PFOA,2,26.664072277268204,0.91073617979192
23,0.005,11913.744791178398,24898.538720234083,0.108,39023779.05995369,calgon_f600,PFOA,2,26.664072277268204,0.91073617979192
24,0.005,13866.817710286408,28333.887003187796,0.15700000000000003,39023779.05995369,calgon_f600,PFOA,2,26.664072277268204,0.91073617979192
25,0.005,16991.734376464807,31247.54343653907,0.20600000000000002,39023779.05995369,calgon_f600,PFOA,2,26.664072277268204,0.91073617979192
26,0.005,19140.114585286407,33833.11828396888,0.255,39023779.05995369,calgon_f600,PFOA,2,26.664072277268204,0.91073617979192
27,0.005,20897.880210286407,36196.99798287994,0.30400000000000005,39023779.05995369,calgon_f600,PFOA,2,26.664072277268204,0.91073617979192
28,0.1492715548101265,23046.260414713593,38407.881496916045,0.35300000000000004,39023779.05995369,calgon_f600,PFOA,2,26.664072277268204,0.91073617979192
29,0.1890773027848101,24999.3333338216,40515.092860052704,0.402,39023779.05995369,calgon_f600,PFOA,2,26.664072277268204,0.91073617979192
30,0.2388344877215189,26757.0989588216,42558.20933903019,0.451,39023779.05995369,calgon_f600,PFOA,2,26.664072277268204,0.91073617979192
31,0.2587373616455696,31053.8593764648,44573.042820238465,0.5,39023779.05995369,calgon_f600,PFOA,2,26.664072277268204,0.91073617979192
32,0.4378632274683544,43162.9114573568,46596.237128118155,0.549,39023779.05995369,calgon_f600,PFOA,2,26.664072277268204,0.91073617979192
33,0.5473290343037975,56248.5,48670.00484267109,0.5980000000000001,39023779.05995369,calgon_f600,PFOA,2,26.664072277268204,0.91073617979192
34,,,50848.5435380234,0.647,39023779.05995369,calgon_f600,PFOA,2,26.664072277268204,0.91073617979192
35,,,53208.499849616295,0.6960000000000001,39023779.05995369,calgon_f600,PFOA,2,26.664072277268204,0.91073617979192
36,,,55867.89588409573,0.745,39023779.05995369,calgon_f600,PFOA,2,26.664072277268204,0.91073617979192
37,,,59022.430056095385,0.794,39023779.05995369,calgon_f600,PFOA,2,26.664072277268204,0.91073617979192
38,,,63022.59251011662,0.8430000000000001,39023779.05995369,calgon_f600,PFOA,2,26.664072277268204,0.91073617979192
39,,,68590.5096609643,0.892,39023779.05995369,calgon_f600,PFOA,2,26.664072277268204,0.91073617979192
40,,,77655.08886089352,0.9410000000000001,39023779.05995369,calgon_f600,PFOA,2,26.664072277268204,0.91073617979192
41,,,96074.03309373838,0.99,39023779.05995369,calgon_f600,PFOA,2,26.664072277268204,0.91073617979192
42,0.005,390.6145838216016,12863.030031835877,0.01,39023779.05995369,calgon_f600,PFOA,3,26.664072277268204,0.91073617979192
43,0.005,7812.291667643202,20418.637706670605,0.059000000000000004,39023779.05995369,calgon_f600,PFOA,3,26.664072277268204,0.91073617979192
44,0.005,11913.744791178398,24898.538720234083,0.108,39023779.05995369,calgon_f600,PFOA,3,26.664072277268204,0.91073617979192
45,0.005,13866.817710286408,28333.887003187796,0.15700000000000003,39023779.05995369,calgon_f600,PFOA,3,26.664072277268204,0.91073617979192
46,0.005,16991.734376464807,31247.54343653907,0.20600000000000002,39023779.05995369,calgon_f600,PFOA,3,26.664072277268204,0.91073617979192
47,0.005,19140.114585286407,33833.11828396888,0.255,39023779.05995369,calgon_f600,PFOA,3,26.664072277268204,0.91073617979192
48,0.005,20897.880210286407,36196.99798287994,0.30400000000000005,39023779.05995369,calgon_f600,PFOA,3,26.664072277268204,0.91073617979192
49,0.1492715548101265,23046.260414713593,38407.881496916045,0.35300000000000004,39023779.05995369,calgon_f600,PFOA,3,26.664072277268204,0.91073617979192
50,0.1890773027848101,24999.3333338216,40515.092860052704,0.402,39023779.05995369,calgon_f600,PFOA,3,26.664072277268204,0.91073617979192
51,0.2388344877215189,26757.0989588216,42558.20933903019,0.451,39023779.05995369,calgon_f600,PFOA,3,26.664072277268204,0.91073617979192
52,0.2587373616455696,31053.8593764648,44573.042820238465,0.5,39023779.05995369,calgon_f600,PFOA,3,26.664072277268204,0.91073617979192
53,0.4378632274683544,43162.9114573568,46596.237128118155,0.549,39023779.05995369,calgon_f600,PFOA,3,26.664072277268204,0.91073617979192
54,0.5473290343037975,56248.5,48670.00484267109,0.5980000000000001,39023779.05995369,calgon_f600,PFOA,3,26.664072277268204,0.91073617979192
55,,,50848.5435380234,0.647,39023779.05995369,calgon_f600,PFOA,3,26.664072277268204,0.91073617979192
56,,,53208.499849616295,0.6960000000000001,39023779.05995369,calgon_f600,PFOA,3,26.664072277268204,0.91073617979192
57,,,55867.89588409573,0.745,39023779.05995369,calgon_f600,PFOA,3,26.664072277268204,0.91073617979192
58,,,59022.430056095385,0.794,39023779.05995369,calgon_f600,PFOA,3,26.664072277268204,0.91073617979192
59,,,63022.59251011662,0.8430000000000001,39023779.05995369,calgon_f600,PFOA,3,26.664072277268204,0.91073617979192
60,,,68590.5096609643,0.892,39023779.05995369,calgon_f600,PFOA,3,26.664072277268204,0.91073617979192
61,,,77655.08886089352,0.9410000000000001,39023779.05995369,calgon_f600,PFOA,3,26.664072277268204,0.91073617979192
62,,,96074.03309373838,0.99,39023779.05995369,calgon_f600,PFOA,3,26.664072277268204,0.91073617979192
63,0.005,195.30728971359375,-47996.33118950466,0.01,358563927.2367626,calgon_f600,PFOA,4,50.78174167917988,0.9481946499027004
64,0.005,3710.8385397135935,-26929.358367258064,0.059000000000000004,358563927.2367626,calgon_f600,PFOA,4,50.78174167917988,0.9481946499027004
65,0.005,7812.291667643202,-12344.4577715552,0.108,358563927.2367626,calgon_f600,PFOA,4,50.78174167917988,0.9481946499027004
66,0.005,9765.364582356797,-1523.080266024984,0.15700000000000003,358563927.2367626,calgon_f600,PFOA,4,50.78174167917988,0.9481946499027004
67,0.005,12109.052085286408,7352.606515784286,0.20600000000000002,358563927.2367626,calgon_f600,PFOA,4,50.78174167917988,0.9481946499027004
68,0.005,23241.5677088216,15061.825667853715,0.255,358563927.2367626,calgon_f600,PFOA,4,50.78174167917988,0.9481946499027004
69,0.1492715548101265,25194.640623535197,22005.567007766946,0.30400000000000005,358563927.2367626,calgon_f600,PFOA,4,50.78174167917988,0.9481946499027004
70,0.2189316137341772,27147.713542643203,28433.73464547069,0.35300000000000004,358563927.2367626,calgon_f600,PFOA,4,50.78174167917988,0.9481946499027004
71,0.2189316137341772,30858.552082356797,34523.41124662785,0.402,358563927.2367626,calgon_f600,PFOA,4,50.78174167917988,0.9481946499027004
72,0.3084945465822785,35155.3125,40415.78871901404,0.451,358563927.2367626,calgon_f600,PFOA,4,50.78174167917988,0.9481946499027004
73,0.3682031685443038,39061.4583338216,46239.150636298626,0.5,358563927.2367626,calgon_f600,PFOA,4,50.78174167917988,0.9481946499027004
74,0.4378632274683544,43162.9114573568,52127.25952816026,0.549,358563927.2367626,calgon_f600,PFOA,4,50.78174167917988,0.9481946499027004
75,0.4478146644303797,47264.364602864065,58239.04671011829,0.5980000000000001,358563927.2367626,calgon_f600,PFOA,4,50.78174167917988,0.9481946499027004
76,0.4577661014556962,56248.5,64785.9180865067,0.647,358563927.2367626,calgon_f600,PFOA,4,50.78174167917988,0.9481946499027004
77,,,72076.31593659354,0.6960000000000001,358563927.2367626,calgon_f600,PFOA,4,50.78174167917988,0.9481946499027004
78,,,80595.3974909471,0.745,358563927.2367626,calgon_f600,PFOA,4,50.78174167917988,0.9481946499027004
79,,,91160.1225490184,0.794,358563927.2367626,calgon_f600,PFOA,4,50.78174167917988,0.9481946499027004
80,,,105267.20977638794,0.8430000000000001,358563927.2367626,calgon_f600,PFOA,4,50.78174167917988,0.9481946499027004
81,,,125997.94467753808,0.892,358563927.2367626,calgon_f600,PFOA,4,50.78174167917988,0.9481946499027004
82,,,160085.9263921183,0.9410000000000001,358563927.2367626,calgon_f600,PFOA,4,50.78174167917988,0.9481946499027004
83,,,218257.61873845017,0.99,358563927.2367626,calgon_f600,PFOA,4,50.78174167917988,0.9481946499027004
84,0.005,3710.8385397135935,1417.4640399393936,0.01,51763855.58795385,calgon_f600,PFOA,6,24.79668635112408,0.916892546415443
85,0.0098892405063291,7812.291667643202,9906.761867949152,0.059000000000000004,51763855.58795385,calgon_f600,PFOA,6,24.79668635112408,0.916892546415443
86,0.0098892405063291,9765.364582356797,15014.87653021558,0.108,51763855.58795385,calgon_f600,PFOA,6,24.79668635112408,0.916892546415443
87,0.2076740506329114,11913.744791178398,18890.804577410578,0.15700000000000003,51763855.58795385,calgon_f600,PFOA,6,24.79668635112408,0.916892546415443
88,0.2175632911392405,13476.203126464805,22168.186436791584,0.20600000000000002,51763855.58795385,calgon_f600,PFOA,6,24.79668635112408,0.916892546415443
89,0.2175632911392405,16796.427082356797,25071.527885554515,0.255,51763855.58795385,calgon_f600,PFOA,6,24.79668635112408,0.916892546415443
90,0.2175632911392405,18944.807291178397,27722.626774185243,0.30400000000000005,51763855.58795385,calgon_f600,PFOA,6,24.79668635112408,0.916892546415443
91,0.267009493670886,20702.5729161784,30200.22669417545,0.35300000000000004,51763855.58795385,calgon_f600,PFOA,6,24.79668635112408,0.916892546415443
92,0.3461234177215189,23436.874998535193,32560.78871143103,0.402,51763855.58795385,calgon_f600,PFOA,6,24.79668635112408,0.916892546415443
93,0.3659018987341772,26952.406248535197,34849.480356437125,0.451,51763855.58795385,calgon_f600,PFOA,6,24.79668635112408,0.916892546415443
94,0.4252373417721519,31053.8593764648,37107.13173490594,0.5,51763855.58795385,calgon_f600,PFOA,6,24.79668635112408,0.916892546415443
95,0.4549050632911392,33006.9322911784,39375.63291510511,0.549,51763855.58795385,calgon_f600,PFOA,6,24.79668635112408,0.916892546415443
96,0.5043512658227848,37108.38541471359,41703.53094122417,0.5980000000000001,51763855.58795385,calgon_f600,PFOA,6,24.79668635112408,0.916892546415443
97,0.5142405063291139,43358.21875146481,44153.661075709,0.647,51763855.58795385,calgon_f600,PFOA,6,24.79668635112408,0.916892546415443
98,0.5636867088607594,51170.510397135935,46815.62600009839,0.6960000000000001,51763855.58795385,calgon_f600,PFOA,6,24.79668635112408,0.916892546415443
99,0.5933544303797468,56053.192727864065,49828.2142811961,0.745,51763855.58795385,calgon_f600,PFOA,6,24.79668635112408,0.916892546415443
100,,,53421.77393094191,0.794,51763855.58795385,calgon_f600,PFOA,6,24.79668635112408,0.916892546415443
101,,,58008.2678358957,0.8430000000000001,51763855.58795385,calgon_f600,PFOA,6,24.79668635112408,0.916892546415443
102,,,64443.742773529804,0.892,51763855.58795385,calgon_f600,PFOA,6,24.79668635112408,0.916892546415443
103,,,75021.29335072107,0.9410000000000001,51763855.58795385,calgon_f600,PFOA,6,24.79668635112408,0.916892546415443
104,,,96179.9431495838,0.99,51763855.58795385,calgon_f600,PFOA,6,24.79668635112408,0.916892546415443
105,0.0098892405063291,3710.8385397135935,6917.6267425615315,0.01,33133293.607901014,calgon_f600,PFOA,7,20.850785693582193,0.9127376724690014
106,0.0098892405063291,7812.291667643202,13270.922069379516,0.059000000000000004,33133293.607901014,calgon_f600,PFOA,7,20.850785693582193,0.9127376724690014
107,0.0098892405063291,9765.364582356797,17044.592288065942,0.108,33133293.607901014,calgon_f600,PFOA,7,20.850785693582193,0.9127376724690014
108,0.0098892405063291,16796.427082356797,19931.337482875893,0.15700000000000003,33133293.607901014,calgon_f600,PFOA,7,20.850785693582193,0.9127376724690014
109,0.2274525316455696,18944.807291178397,22380.585287443162,0.20600000000000002,33133293.607901014,calgon_f600,PFOA,7,20.850785693582193,0.9127376724690014
110,0.2768987341772151,20702.5729161784,24554.723189902277,0.255,33133293.607901014,calgon_f600,PFOA,7,20.850785693582193,0.9127376724690014
111,0.3757911392405063,23046.260414713593,26542.946538435368,0.30400000000000005,33133293.607901014,calgon_f600,PFOA,7,20.850785693582193,0.9127376724690014
112,0.4450158227848101,24999.3333338216,28403.024531280367,0.35300000000000004,33133293.607901014,calgon_f600,PFOA,7,20.850785693582193,0.9127376724690014
113,0.4450158227848101,26952.406248535197,30176.4533362113,0.402,33133293.607901014,calgon_f600,PFOA,7,20.850785693582193,0.9127376724690014
114,0.5537974683544303,33202.23958528641,31896.511105229805,0.451,33133293.607901014,calgon_f600,PFOA,7,20.850785693582193,0.9127376724690014
115,0.5834651898734177,37303.6927088216,33593.31380272657,0.5,33133293.607901014,calgon_f600,PFOA,7,20.850785693582193,0.9127376724690014
116,0.6724683544303797,41405.1458323568,35297.719012527865,0.549,33133293.607901014,calgon_f600,PFOA,7,20.850785693582193,0.9127376724690014
117,0.7021360759493671,43553.5260411784,37045.36057100141,0.5980000000000001,33133293.607901014,calgon_f600,PFOA,7,20.850785693582193,0.9127376724690014
118,0.7416930379746836,56639.11458821602,38882.12956435989,0.647,33133293.607901014,calgon_f600,PFOA,7,20.850785693582193,0.9127376724690014
119,,,40873.12616679897,0.6960000000000001,33133293.607901014,calgon_f600,PFOA,7,20.850785693582193,0.9127376724690014
120,,,43118.806883672565,0.745,33133293.607901014,calgon_f600,PFOA,7,20.850785693582193,0.9127376724690014
121,,,45785.70093687561,0.794,33133293.607901014,calgon_f600,PFOA,7,20.850785693582193,0.9127376724690014
122,,,49171.30546810143,0.8430000000000001,33133293.607901014,calgon_f600,PFOA,7,20.850785693582193,0.9127376724690014
123,,,53889.39565469631,0.892,33133293.607901014,calgon_f600,PFOA,7,20.850785693582193,0.9127376724690014
124,,,61591.67800519478,0.9410000000000001,33133293.607901014,calgon_f600,PFOA,7,20.850785693582193,0.9127376724690014
125,,,77215.72052600223,0.99,33133293.607901014,calgon_f600,PFOA,7,20.850785693582193,0.9127376724690014
126,0.005,3710.8385397135935,11358.424698553068,0.01,20095325.89012256,calgon_f600,PFOA,8,22.38202117362415,0.9104008622886517
127,0.0098892405063291,7812.291667643202,17612.9668528408,0.059000000000000004,20095325.89012256,calgon_f600,PFOA,8,22.38202117362415,0.9104008622886517
128,0.0098892405063291,9765.364582356797,21316.36815473728,0.108,20095325.89012256,calgon_f600,PFOA,8,22.38202117362415,0.9104008622886517
129,0.0098892405063291,11718.437501464809,24160.013731021278,0.15700000000000003,20095325.89012256,calgon_f600,PFOA,8,22.38202117362415,0.9104008622886517
130,0.0098892405063291,14062.125,26574.17031127896,0.20600000000000002,20095325.89012256,calgon_f600,PFOA,8,22.38202117362415,0.9104008622886517
131,0.0098892405063291,16991.734376464807,28717.866540986262,0.255,20095325.89012256,calgon_f600,PFOA,8,22.38202117362415,0.9104008622886517
132,0.0098892405063291,19335.421875,30678.700415263353,0.30400000000000005,20095325.89012256,calgon_f600,PFOA,8,22.38202117362415,0.9104008622886517
133,0.2175632911392405,23241.5677088216,32513.315012219166,0.35300000000000004,20095325.89012256,calgon_f600,PFOA,8,22.38202117362415,0.9104008622886517
134,0.2175632911392405,24999.3333338216,34262.41447178238,0.402,20095325.89012256,calgon_f600,PFOA,8,22.38202117362415,0.9104008622886517
135,0.3164556962025316,26757.0989588216,35958.68694620862,0.451,20095325.89012256,calgon_f600,PFOA,8,22.38202117362415,0.9104008622886517
136,0.3362341772151898,33006.9322911784,37631.730691466,0.5,20095325.89012256,calgon_f600,PFOA,8,22.38202117362415,0.9104008622886517
137,0.4252373417721519,35155.3125,39311.84127169288,0.549,20095325.89012256,calgon_f600,PFOA,8,22.38202117362415,0.9104008622886517
138,0.4647943037974683,37108.38541471359,41033.91506533227,0.5980000000000001,20095325.89012256,calgon_f600,PFOA,8,22.38202117362415,0.9104008622886517
139,0.6724683544303797,39061.4583338216,42842.738371865606,0.647,20095325.89012256,calgon_f600,PFOA,8,22.38202117362415,0.9104008622886517
140,0.6922468354430379,43162.9114573568,44801.61636755174,0.6960000000000001,20095325.89012256,calgon_f600,PFOA,8,22.38202117362415,0.9104008622886517
141,0.7318037974683544,56053.192727864065,47007.98626050923,0.745,20095325.89012256,calgon_f600,PFOA,8,22.38202117362415,0.9104008622886517
142,,,49623.348770621145,0.794,20095325.89012256,calgon_f600,PFOA,8,22.38202117362415,0.9104008622886517
143,,,52936.69885008793,0.8430000000000001,20095325.89012256,calgon_f600,PFOA,8,22.38202117362415,0.9104008622886517
144,,,57542.73558625799,0.892,20095325.89012256,calgon_f600,PFOA,8,22.38202117362415,0.9104008622886517
145,,,65034.78234647095,0.9410000000000001,20095325.89012256,calgon_f600,PFOA,8,22.38202117362415,0.9104008622886517
146,,,80282.98231399924,0.99,20095325.89012256,calgon_f600,PFOA,8,22.38202117362415,0.9104008622886517
147,,,,,20095325.89012256,calgon_f600,PFOA,8,22.38202117362415,0.9104008622886517
148,,,,,20095325.89012256,calgon_f600,PFOA,8,22.38202117362415,0.9104008622886517
149,,,,,20095325.89012256,calgon_f600,PFOA,8,22.38202117362415,0.9104008622886517
150,,,,,20095325.89012256,calgon_f600,PFOA,8,22.38202117362415,0.9104008622886517
151,,,,,20095325.89012256,calgon_f600,PFOA,8,22.38202117362415,0.9104008622886517
152,0.005,3724.63347994418,-21174.631028340365,0.01,183804011.97633988,calgon_f600,PFOA,9,23.31882462933307,0.99
153,0.005,7841.333642681601,-14475.175010421528,0.059000000000000004,183804011.97633988,calgon_f600,PFOA,9,23.31882462933307,0.99
154,0.1806051334459459,9997.700395847229,-9190.171591448565,0.108,183804011.97633988,calgon_f600,PFOA,9,23.31882462933307,0.99
155,0.2868434472297297,11958.033805419023,-5078.609410877276,0.15700000000000003,183804011.97633988,calgon_f600,PFOA,9,23.31882462933307,0.99
156,0.5311915689189189,17054.900672942345,-1732.7264769930898,0.20600000000000002,183804011.97633988,calgon_f600,PFOA,9,23.31882462933307,0.99
157,0.5630630630405405,19211.267426107966,1128.249946005442,0.255,183804011.97633988,calgon_f600,PFOA,9,23.31882462933307,0.99
158,0.6161822199324324,21171.600835679765,3673.94382872665,0.30400000000000005,183804011.97633988,calgon_f600,PFOA,9,23.31882462933307,0.99
159,0.6480537141216216,26856.56772959016,6013.7610887128785,0.35300000000000004,183804011.97633988,calgon_f600,PFOA,9,23.31882462933307,0.99
160,0.6799252081081081,31953.43459711348,8226.672067781055,0.402,183804011.97633988,calgon_f600,PFOA,9,23.31882462933307,0.99
161,0.7224205337837837,37442.36814743004,10377.286505779035,0.451,183804011.97633988,calgon_f600,PFOA,9,23.31882462933307,0.99
162,0.839282679054054,43323.36837614542,12526.17753146674,0.5,183804011.97633988,calgon_f600,PFOA,9,23.31882462933307,0.99
163,0.9030256668918918,51948.835393202346,14738.575222909301,0.549,183804011.97633988,calgon_f600,PFOA,9,23.31882462933307,0.99
164,,,17094.101526110997,0.5980000000000001,183804011.97633988,calgon_f600,PFOA,9,23.31882462933307,0.99
165,,,19700.413250730016,0.647,183804011.97633988,calgon_f600,PFOA,9,23.31882462933307,0.99
166,,,22715.272125224015,0.6960000000000001,183804011.97633988,calgon_f600,PFOA,9,23.31882462933307,0.99
167,,,26385.78726660937,0.745,183804011.97633988,calgon_f600,PFOA,9,23.31882462933307,0.99
168,,,31123.082134289056,0.794,183804011.97633988,calgon_f600,PFOA,9,23.31882462933307,0.99
169,,,37645.71179204555,0.8430000000000001,183804011.97633988,calgon_f600,PFOA,9,23.31882462933307,0.99
170,,,47211.930954050535,0.892,183804011.97633988,calgon_f600,PFOA,9,23.31882462933307,0.99
171,,,61744.41528706352,0.9410000000000001,183804011.97633988,calgon_f600,PFOA,9,23.31882462933307,0.99
172,,,83034.65803835927,0.99,183804011.97633988,calgon_f600,PFOA,9,23.31882462933307,0.99
173,0.0106238313513513,3724.63347994418,8182.04469609355,0.01,13106515.931673968,calgon_f600,PFOA,10,17.2331374840766,0.9107901848945517
174,0.0212476627702702,16858.867333742928,13073.432100301914,0.059000000000000004,13106515.931673968,calgon_f600,PFOA,10,17.2331374840766,0.9107901848945517
175,0.2337242903378378,19015.234082514144,15965.798312899158,0.108,13106515.931673968,calgon_f600,PFOA,10,17.2331374840766,0.9107901848945517
176,0.2655957844594594,20779.53415288652,18188.053597328624,0.15700000000000003,13106515.931673968,calgon_f600,PFOA,10,17.2331374840766,0.9107901848945517
177,0.3718340982432432,23327.96758884539,20077.30845727627,0.20600000000000002,13106515.931673968,calgon_f600,PFOA,10,17.2331374840766,0.9107901848945517
178,0.47807241202702694,29012.934478361367,21756.509388470207,0.255,13106515.931673968,calgon_f600,PFOA,10,17.2331374840766,0.9107901848945517
179,0.6268060513513513,30581.201209534334,23293.59030593102,0.30400000000000005,13106515.931673968,calgon_f600,PFOA,10,17.2331374840766,0.9107901848945517
180,0.7330443648648649,35286.001394264415,24732.610529736878,0.35300000000000004,13106515.931673968,calgon_f600,PFOA,10,17.2331374840766,0.9107901848945517
181,0.8180350162162162,37442.36814743004,26105.26993301475,0.402,13106515.931673968,calgon_f600,PFOA,10,17.2331374840766,0.9107901848945517
182,0.8817780047297297,43519.40171973925,27437.042709779143,0.451,13106515.931673968,calgon_f600,PFOA,10,17.2331374840766,0.9107901848945517
183,0.8817780047297297,51360.73535363203,28751.012874180386,0.5,13106515.931673968,calgon_f600,PFOA,10,17.2331374840766,0.9107901848945517
184,0.977392487162162,56261.568899533595,30070.830471261586,0.549,13106515.931673968,calgon_f600,PFOA,10,17.2331374840766,0.9107901848945517
185,,,31423.76411934322,0.5980000000000001,13106515.931673968,calgon_f600,PFOA,10,17.2331374840766,0.9107901848945517
186,,,32844.843214208864,0.647,13106515.931673968,calgon_f600,PFOA,10,17.2331374840766,0.9107901848945517
187,,,34383.62157055942,0.6960000000000001,13106515.931673968,calgon_f600,PFOA,10,17.2331374840766,0.9107901848945517
188,,,36116.40425827836,0.745,13106515.931673968,calgon_f600,PFOA,10,17.2331374840766,0.9107901848945517
189,,,38169.58501915185,0.794,13106515.931673968,calgon_f600,PFOA,10,17.2331374840766,0.9107901848945517
190,,,40768.8315662689,0.8430000000000001,13106515.931673968,calgon_f600,PFOA,10,17.2331374840766,0.9107901848945517
191,,,44378.092722374895,0.892,13106515.931673968,calgon_f600,PFOA,10,17.2331374840766,0.9107901848945517
192,,,50249.329600342855,0.9410000000000001,13106515.931673968,calgon_f600,PFOA,10,17.2331374840766,0.9107901848945517
193,,,62219.75467366668,0.99,13106515.931673968,calgon_f600,PFOA,10,17.2331374840766,0.9107901848945517
194,0.0106238313513513,196.0333391994141,4623.909707244779,0.01,10321761.822911065,calgon_f600,PFOA,11,15.050620931440042,0.9130128357218046
195,0.0106238313513513,3724.63347994418,9252.41192543077,0.059000000000000004,10321761.822911065,calgon_f600,PFOA,11,15.050620931440042,0.9130128357218046
196,0.0106238313513513,9801.6670522534,11998.551188813035,0.108,10321761.822911065,calgon_f600,PFOA,11,15.050620931440042,0.9130128357218046
197,0.14873363932432426,13918.367214990822,14101.75752419654,0.15700000000000003,10321761.822911065,calgon_f600,PFOA,11,15.050620931440042,0.9130128357218046
198,0.2337242903378378,16858.867333742928,15889.772186009237,0.20600000000000002,10321761.822911065,calgon_f600,PFOA,11,15.050620931440042,0.9130128357218046
199,0.3824579295945945,18819.200743314726,17479.13223973273,0.255,10321761.822911065,calgon_f600,PFOA,11,15.050620931440042,0.9130128357218046
200,0.6268060513513513,23131.934245251563,18934.109306440037,0.30400000000000005,10321761.822911065,calgon_f600,PFOA,11,15.050620931440042,0.9130128357218046
201,0.6374298827027026,27052.60106878957,20296.490426282762,0.35300000000000004,10321761.822911065,calgon_f600,PFOA,11,15.050620931440042,0.9130128357218046
202,0.711796702027027,30973.267892327574,21596.345927290742,0.402,10321761.822911065,calgon_f600,PFOA,11,15.050620931440042,0.9130128357218046
203,0.7649158594594594,37442.36814743004,22857.820286926115,0.451,10321761.822911065,calgon_f600,PFOA,11,15.050620931440042,0.9130128357218046
204,0.9030256668918918,43519.40171973925,24102.791121360904,0.5,10321761.822911065,calgon_f600,PFOA,11,15.050620931440042,0.9130128357218046
205,0.9986401493243242,56261.568899533595,25353.702636126993,0.549,10321761.822911065,calgon_f600,PFOA,11,15.050620931440042,0.9130128357218046
206,,,26636.500425245078,0.5980000000000001,10321761.822911065,calgon_f600,PFOA,11,15.050620931440042,0.9130128357218046
207,,,27984.625762540003,0.647,10321761.822911065,calgon_f600,PFOA,11,15.050620931440042,0.9130128357218046
208,,,29445.546927344305,0.6960000000000001,10321761.822911065,calgon_f600,PFOA,11,15.050620931440042,0.9130128357218046
209,,,31092.531177474666,0.745,10321761.822911065,calgon_f600,PFOA,11,15.050620931440042,0.9130128357218046
210,,,33046.93324080651,0.794,10321761.822911065,calgon_f600,PFOA,11,15.050620931440042,0.9130128357218046
211,,,35524.99486792325,0.8430000000000001,10321761.822911065,calgon_f600,PFOA,11,15.050620931440042,0.9130128357218046
212,,,38972.416253234886,0.892,10321761.822911065,calgon_f600,PFOA,11,15.050620931440042,0.9130128357218046
213,,,44599.67925124465,0.9410000000000001,10321761.822911065,calgon_f600,PFOA,11,15.050620931440042,0.9130128357218046
214,,,56036.12334455595,0.99,10321761.822911065,calgon_f600,PFOA,11,15.050620931440042,0.9130128357218046
215,0.0106238313513513,3724.63347994418,-3206.809930159629,0.01,49466256.70425394,calgon_f600,PFOA,12,23.167861769194225,0.9202851463014311
216,0.0106238313513513,7645.300303482187,5286.9269046798845,0.059000000000000004,49466256.70425394,calgon_f600,PFOA,12,23.167861769194225,0.9202851463014311
217,0.1806051334459459,9997.700395847229,10464.341245994643,0.108,49466256.70425394,calgon_f600,PFOA,12,23.167861769194225,0.9202851463014311
218,0.22310045891891891,11762.00046621961,14371.587382556992,0.15700000000000003,49466256.70425394,calgon_f600,PFOA,12,23.167861769194225,0.9202851463014311
219,0.2549719531081081,14114.400558584648,17668.18178507476,0.20600000000000002,49466256.70425394,calgon_f600,PFOA,12,23.167861769194225,0.9202851463014311
220,0.3612102668918918,16858.867333742928,20585.103111087563,0.255,49466256.70425394,calgon_f600,PFOA,12,23.167861769194225,0.9202851463014311
221,0.3612102668918918,20975.56749648035,23246.40961352993,0.30400000000000005,49466256.70425394,calgon_f600,PFOA,12,23.167861769194225,0.9202851463014311
222,0.3930817610135135,23524.000928044803,25732.210825534163,0.35300000000000004,49466256.70425394,calgon_f600,PFOA,12,23.167861769194225,0.9202851463014311
223,0.47807241202702694,26660.534385996332,28099.91867589821,0.402,49466256.70425394,calgon_f600,PFOA,12,23.167861769194225,0.9202851463014311
224,0.4993200747972972,33129.63464109879,30395.42304184785,0.451,49466256.70425394,calgon_f600,PFOA,12,23.167861769194225,0.9202851463014311
225,0.5843107258108109,37442.36814743004,32660.210570880874,0.5,49466256.70425394,calgon_f600,PFOA,12,23.167861769194225,0.9202851463014311
226,0.6799252081081081,43323.36837614542,34936.915180664124,0.549,49466256.70425394,calgon_f600,PFOA,12,23.167861769194225,0.9202851463014311
227,0.6799252081081081,51164.70203640469,37275.095745944855,0.5980000000000001,49466256.70425394,calgon_f600,PFOA,12,23.167861769194225,0.9202851463014311
228,0.7224205337837837,56457.60221676093,39739.14064874562,0.647,49466256.70425394,calgon_f600,PFOA,12,23.167861769194225,0.9202851463014311
229,,,42421.208278919476,0.6960000000000001,49466256.70425394,calgon_f600,PFOA,12,23.167861769194225,0.9202851463014311
230,,,45464.41474071929,0.745,49466256.70425394,calgon_f600,PFOA,12,23.167861769194225,0.9202851463014311
231,,,49106.52390935823,0.794,49466256.70425394,calgon_f600,PFOA,12,23.167861769194225,0.9202851463014311
232,,,53773.40849759171,0.8430000000000001,49466256.70425394,calgon_f600,PFOA,12,23.167861769194225,0.9202851463014311
233,,,60354.85963879928,0.892,49466256.70425394,calgon_f600,PFOA,12,23.167861769194225,0.9202851463014311
234,,,71222.46622082643,0.9410000000000001,49466256.70425394,calgon_f600,PFOA,12,23.167861769194225,0.9202851463014311
235,,,92665.54601253847,0.99,49466256.70425394,calgon_f600,PFOA,12,23.167861769194225,0.9202851463014311
236,0.005,3710.8385397135935,6502.861143563723,0.01,2461235.9153582263,calgon_f600,PFOA,13,6.426277111142814,0.9043519399604606
237,0.005,7812.291667643202,7805.239235903642,0.059000000000000004,2461235.9153582263,calgon_f600,PFOA,13,6.426277111142814,0.9043519399604606
238,0.1496749914189189,9765.364582356797,8566.829665702006,0.108,2461235.9153582263,calgon_f600,PFOA,13,6.426277111142814,0.9043519399604606
239,0.2138214163513513,9765.364582356797,9159.802876260763,0.15700000000000003,2461235.9153582263,calgon_f600,PFOA,13,6.426277111142814,0.9043519399604606
240,0.4383339035135135,11718.437501464809,9669.112937628282,0.20600000000000002,2461235.9153582263,calgon_f600,PFOA,13,6.426277111142814,0.9043519399604606
241,0.7269928155405405,13671.510416178398,10125.277813358025,0.255,2461235.9153582263,calgon_f600,PFOA,13,6.426277111142814,0.9043519399604606
242,0.8445945945945945,16796.427082356797,10545.360320730235,0.30400000000000005,2461235.9153582263,calgon_f600,PFOA,13,6.426277111142814,0.9043519399604606
243,0.9942695858108108,18749.500001464803,10940.525031412231,0.35300000000000004,2461235.9153582263,calgon_f600,PFOA,13,6.426277111142814,0.9043519399604606
244,0.9942695858108108,23241.5677088216,11318.882912679212,0.402,2461235.9153582263,calgon_f600,PFOA,13,6.426277111142814,0.9043519399604606
245,,,11687.015530607117,0.451,2461235.9153582263,calgon_f600,PFOA,13,6.426277111142814,0.9043519399604606
246,,,12050.934196031058,0.5,2461235.9153582263,calgon_f600,PFOA,13,6.426277111142814,0.9043519399604606
247,,,12416.825794165967,0.549,2461235.9153582263,calgon_f600,PFOA,13,6.426277111142814,0.9043519399604606
248,,,12791.827681187548,0.5980000000000001,2461235.9153582263,calgon_f600,PFOA,13,6.426277111142814,0.9043519399604606
249,,,13185.079179573855,0.647,2461235.9153582263,calgon_f600,PFOA,13,6.426277111142814,0.9043519399604606
250,,,13609.432876729243,0.6960000000000001,2461235.9153582263,calgon_f600,PFOA,13,6.426277111142814,0.9043519399604606
251,,,14084.539647716927,0.745,2461235.9153582263,calgon_f600,PFOA,13,6.426277111142814,0.9043519399604606
252,,,14642.734608753211,0.794,2461235.9153582263,calgon_f600,PFOA,13,6.426277111142814,0.9043519399604606
253,,,15341.480196127184,0.8430000000000001,2461235.9153582263,calgon_f600,PFOA,13,6.426277111142814,0.9043519399604606
254,,,16298.899133730076,0.892,2461235.9153582263,calgon_f600,PFOA,13,6.426277111142814,0.9043519399604606
255,,,17843.124934460724,0.9410000000000001,2461235.9153582263,calgon_f600,PFOA,13,6.426277111142814,0.9043519399604606
256,,,21043.747623530395,0.99,2461235.9153582263,calgon_f600,PFOA,13,6.426277111142814,0.9043519399604606
257,,,,,2461235.9153582263,calgon_f600,PFOA,13,6.426277111142814,0.9043519399604606
258,,,,,2461235.9153582263,calgon_f600,PFOA,13,6.426277111142814,0.9043519399604606
259,0.005,3710.8385397135935,956.5522965123225,0.01,39813598.508547805,calgon_f600,PFOA,14,11.104614028622601,0.9161453490652861
260,0.0106910708108108,7812.291667643202,4692.530271012181,0.059000000000000004,39813598.508547805,calgon_f600,PFOA,14,11.104614028622601,0.9161453490652861
261,0.4062606910810811,9960.671876464805,6930.511318585863,0.108,39813598.508547805,calgon_f600,PFOA,14,11.104614028622601,0.9161453490652861
262,0.4810981868243243,11718.437501464809,8638.184600258164,0.15700000000000003,39813598.508547805,calgon_f600,PFOA,14,11.104614028622601,0.9161453490652861
263,0.5666267533108108,14062.125,10091.061838680447,0.20600000000000002,39813598.508547805,calgon_f600,PFOA,14,11.104614028622601,0.9161453490652861
264,0.6628463906756756,16796.427082356797,11383.564412241076,0.255,39813598.508547805,calgon_f600,PFOA,14,11.104614028622601,0.9161453490652861
265,0.8232124527027026,18749.500001464803,12567.57684165122,0.30400000000000005,39813598.508547805,calgon_f600,PFOA,14,11.104614028622601,0.9161453490652861
266,0.8445945945945945,30858.552082356797,13676.973118975133,0.35300000000000004,39813598.508547805,calgon_f600,PFOA,14,11.104614028622601,0.9161453490652861
267,0.8659767364864864,33006.9322911784,14736.168780772861,0.402,39813598.508547805,calgon_f600,PFOA,14,11.104614028622601,0.9161453490652861
268,0.9942695858108108,36131.84895735679,15764.774914724534,0.451,39813598.508547805,calgon_f600,PFOA,14,11.104614028622601,0.9161453490652861
269,0.9942695858108108,56248.5,16780.583594061485,0.5,39813598.508547805,calgon_f600,PFOA,14,11.104614028622601,0.9161453490652861
270,,,17801.897523168955,0.549,39813598.508547805,calgon_f600,PFOA,14,11.104614028622601,0.9161453490652861
271,,,18849.956458043693,0.5980000000000001,39813598.508547805,calgon_f600,PFOA,14,11.104614028622601,0.9161453490652861
272,,,19952.256694509957,0.647,39813598.508547805,calgon_f600,PFOA,14,11.104614028622601,0.9161453490652861
273,,,21147.99261178977,0.6960000000000001,39813598.508547805,calgon_f600,PFOA,14,11.104614028622601,0.9161453490652861
274,,,22497.8304994866,0.745,39813598.508547805,calgon_f600,PFOA,14,11.104614028622601,0.9161453490652861
275,,,24102.241836877463,0.794,39813598.508547805,calgon_f600,PFOA,14,11.104614028622601,0.9161453490652861
276,,,26139.944558974235,0.8430000000000001,39813598.508547805,calgon_f600,PFOA,14,11.104614028622601,0.9161453490652861
277,,,28981.24036795934,0.892,39813598.508547805,calgon_f600,PFOA,14,11.104614028622601,0.9161453490652861
278,,,33641.636772813414,0.9410000000000001,39813598.508547805,calgon_f600,PFOA,14,11.104614028622601,0.9161453490652861
279,,,43033.18002351392,0.99,39813598.508547805,calgon_f600,PFOA,14,11.104614028622601,0.9161453490652861
280,0.005,3710.8385397135935,1782.086750436476,0.01,19230461.60334792,calgon_f600,PFOA,15,12.517302383704576,0.9153460835150328
281,0.0106910708108108,7812.291667643202,5906.565778856508,0.059000000000000004,19230461.60334792,calgon_f600,PFOA,15,12.517302383704576,0.9153460835150328
282,0.138983920608108,9765.364582356797,8369.651084594829,0.108,19230461.60334792,calgon_f600,PFOA,15,12.517302383704576,0.9153460835150328
283,0.171057133108108,11718.437501464809,10250.255334271524,0.15700000000000003,19230461.60334792,calgon_f600,PFOA,15,12.517302383704576,0.9153460835150328
284,0.4704071159459459,13866.817710286408,11849.335239334281,0.20600000000000002,19230461.60334792,calgon_f600,PFOA,15,12.517302383704576,0.9153460835150328
285,0.6200821074324324,16796.427082356797,13271.201119535508,0.255,19230461.60334792,calgon_f600,PFOA,15,12.517302383704576,0.9153460835150328
286,0.6735374614864864,20897.880210286407,14573.203145796553,0.30400000000000005,19230461.60334792,calgon_f600,PFOA,15,12.517302383704576,0.9153460835150328
287,0.7697570986486486,23046.260414713593,15792.72430212688,0.35300000000000004,19230461.60334792,calgon_f600,PFOA,15,12.517302383704576,0.9153460835150328
288,0.8232124527027026,24999.3333338216,16956.687181919926,0.402,19230461.60334792,calgon_f600,PFOA,15,12.517302383704576,0.9153460835150328
289,0.8873588777027027,33202.23958528641,18086.7067144362,0.451,19230461.60334792,calgon_f600,PFOA,15,12.517302383704576,0.9153460835150328
290,0.9621963736486486,50779.895852864065,19202.380146599276,0.5,19230461.60334792,calgon_f600,PFOA,15,12.517302383704576,0.9153460835150328
291,,,20323.847895451712,0.549,19230461.60334792,calgon_f600,PFOA,15,12.517302383704576,0.9153460835150328
292,,,21474.455771316236,0.5980000000000001,19230461.60334792,calgon_f600,PFOA,15,12.517302383704576,0.9153460835150328
293,,,22684.391165288052,0.647,19230461.60334792,calgon_f600,PFOA,15,12.517302383704576,0.9153460835150328
294,,,23996.639089701188,0.6960000000000001,19230461.60334792,calgon_f600,PFOA,15,12.517302383704576,0.9153460835150328
295,,,25477.689302669463,0.745,19230461.60334792,calgon_f600,PFOA,15,12.517302383704576,0.9153460835150328
296,,,27237.66937833994,0.794,19230461.60334792,calgon_f600,PFOA,15,12.517302383704576,0.9153460835150328
297,,,29472.569919347523,0.8430000000000001,19230461.60334792,calgon_f600,PFOA,15,12.517302383704576,0.9153460835150328
298,,,32587.852862123233,0.892,19230461.60334792,calgon_f600,PFOA,15,12.517302383704576,0.9153460835150328
299,,,37691.525011332094,0.9410000000000001,19230461.60334792,calgon_f600,PFOA,15,12.517302383704576,0.9153460835150328
300,,,48002.15889563387,0.99,19230461.60334792,calgon_f600,PFOA,15,12.517302383704576,0.9153460835150328
301,0.005,3906.145833821601,8606.397317963376,0.01,5294546.85525514,calgon_f600,PFOA,16,7.974652876867714,0.9037801685034526
302,0.005,7812.291667643202,10138.907511209756,0.059000000000000004,5294546.85525514,calgon_f600,PFOA,16,7.974652876867714,0.9037801685034526
303,0.005,9960.671876464805,11038.8493870722,0.108,5294546.85525514,calgon_f600,PFOA,16,7.974652876867714,0.9037801685034526
304,0.138983920608108,11913.744791178398,11738.947482029418,0.15700000000000003,5294546.85525514,calgon_f600,PFOA,16,7.974652876867714,0.9037801685034526
305,0.3421142661486486,13671.510416178398,12338.724178325174,0.20600000000000002,5294546.85525514,calgon_f600,PFOA,16,7.974652876867714,0.9037801685034526
306,0.6200821074324324,16991.734376464807,12874.902038126018,0.255,5294546.85525514,calgon_f600,PFOA,16,7.974652876867714,0.9037801685034526
307,0.6521553198648649,18944.807291178397,13367.909462237054,0.30400000000000005,5294546.85525514,calgon_f600,PFOA,16,7.974652876867714,0.9037801685034526
308,0.7804481695945945,20897.880210286407,13831.04715894892,0.35300000000000004,5294546.85525514,calgon_f600,PFOA,16,7.974652876867714,0.9037801685034526
309,0.9942695858108108,23046.260414713593,14273.965019741881,0.402,5294546.85525514,calgon_f600,PFOA,16,7.974652876867714,0.9037801685034526
310,,,14704.494369070166,0.451,5294546.85525514,calgon_f600,PFOA,16,7.974652876867714,0.9037801685034526
311,,,15129.785044508239,0.5,5294546.85525514,calgon_f600,PFOA,16,7.974652876867714,0.9037801685034526
312,,,15557.181769826308,0.549,5294546.85525514,calgon_f600,PFOA,16,7.974652876867714,0.9037801685034526
313,,,15995.129654380029,0.5980000000000001,5294546.85525514,calgon_f600,PFOA,16,7.974652876867714,0.9037801685034526
314,,,16454.4008753203,0.647,5294546.85525514,calgon_f600,PFOA,16,7.974652876867714,0.9037801685034526
315,,,16950.093182418255,0.6960000000000001,5294546.85525514,calgon_f600,PFOA,16,7.974652876867714,0.9037801685034526
316,,,17505.249837106585,0.745,5294546.85525514,calgon_f600,PFOA,16,7.974652876867714,0.9037801685034526
317,,,18157.837521738904,0.794,5294546.85525514,calgon_f600,PFOA,16,7.974652876867714,0.9037801685034526
318,,,18975.614310833636,0.8430000000000001,5294546.85525514,calgon_f600,PFOA,16,7.974652876867714,0.9037801685034526
319,,,20097.88664832885,0.892,5294546.85525514,calgon_f600,PFOA,16,7.974652876867714,0.9037801685034526
320,,,21906.915043054334,0.9410000000000001,5294546.85525514,calgon_f600,PFOA,16,7.974652876867714,0.9037801685034526
321,,,25635.47882601147,0.99,5294546.85525514,calgon_f600,PFOA,16,7.974652876867714,0.9037801685034526
322,,,,,5294546.85525514,calgon_f600,PFOA,16,7.974652876867714,0.9037801685034526
323,,,,,5294546.85525514,calgon_f600,PFOA,16,7.974652876867714,0.9037801685034526
324,,,,,5294546.85525514,calgon_f600,PFOA,16,7.974652876867714,0.9037801685034526
