,Feed,S_A,S_F,S_I,S_N2,S_NH4,S_NO3,S_O2,S_PO4,X_AUT,X_H,X_I,X_PAO,X_PHA,X_PP,X_S,c_cost,o_cost,lcow,e_cost,byS_PO4
0,1.0446671057047783,0.11094162214270449,19.494733325390666,0.026604289495499,1.0000000000000012e-06,1.1417322847300226,1.0000000000000012e-06,1.0000000000000012e-06,0.5840709468976015,1.0000000000000012e-06,1.0000000000000012e-06,13.069509715759708,1.0000000000000012e-06,7.279293167643016,0.1143024386391878,0.1397942398575564,2185688.2807115014,6700.524888180939,4.031071080499633,0.044,2861917.946058272
1,1.045585520512401,0.11094162214270449,19.494733325390666,0.026604289495499,1.0000000000000012e-06,1.1417593216057114,1.0000000000000012e-06,1.0000000000000012e-06,0.5845263440100179,1.0000000000000012e-06,1.0000000000000012e-06,13.069509715759708,1.0000000000000012e-06,7.279293167643016,0.1143024386391878,0.1397942398575564,2185688.2806988102,6654.535760019973,4.030248130341399,0.044,2863994.2288444242
2,1.0479351725076536,0.11094162214270449,19.494733325390666,0.026604289495499,1.0000000000000012e-06,1.1417325764034378,1.0000000000000012e-06,1.0000000000000012e-06,0.5856919567099219,1.0000000000000012e-06,1.0000000000000012e-06,13.069509715759708,1.0000000000000012e-06,7.279293167643016,0.1143024386391878,0.1397942398575564,2185688.2807012703,6536.824018824124,4.028141743526929,0.044,2869861.827748859
3,0.9895412416827947,0.11094162214270449,19.494733325390666,0.026604289495499,1.0000000000000012e-06,1.141732706096558,1.0000000000000012e-06,1.0000000000000012e-06,0.5567266127207151,1.0000000000000012e-06,1.0000000000000012e-06,13.069509715759708,1.0000000000000012e-06,7.279293167643016,0.1143024386391878,0.1397942398575564,2185688.2806957103,9461.946920095641,4.0804852078157,0.044,2727934.3215301754
4,1.054033956329582,0.11094162214270449,19.494733325390666,0.026604289495499,1.0000000000000012e-06,1.1417326188118115,1.0000000000000012e-06,1.0000000000000012e-06,0.5887171503405098,1.0000000000000012e-06,1.0000000000000012e-06,13.069509715759708,1.0000000000000012e-06,7.279293167643016,0.1143024386391878,0.1397942398575564,2185688.280703292,6231.318766122646,4.022674895186874,0.044,2885333.366098878
5,0.9881749537048037,0.11094162214270449,19.494733325390666,0.026604289495499,1.0000000000000012e-06,1.1417327523298957,1.0000000000000012e-06,1.0000000000000012e-06,0.556048885153051,1.0000000000000012e-06,1.0000000000000012e-06,13.069509715759708,1.0000000000000012e-06,7.279293167643016,0.1143024386391878,0.1397942398575564,2185688.280695228,9530.388588269901,4.081709933795774,0.044,2724612.2914703297
6,1.0688407862670848,0.11094162214270449,19.494733325390666,0.026604289495499,1.0000000000000012e-06,1.1417314203270654,1.0000000000000012e-06,1.0000000000000012e-06,0.5960618297937669,1.0000000000000012e-06,1.0000000000000012e-06,13.069509715759708,1.0000000000000012e-06,7.279293167643016,0.1143024386391878,0.1397942398575564,2185688.2807132252,5489.601718740542,4.009402276890895,0.044,2920672.478999653
7,0.9170833030702604,0.11094162214270449,19.494733325390666,0.026604289495499,1.0000000000000012e-06,1.141732259209918,1.0000000000000012e-06,1.0000000000000012e-06,0.5207845280568951,1.0000000000000012e-06,1.0000000000000012e-06,13.069509715759708,1.0000000000000012e-06,7.279293167643016,0.1143024386391878,0.1397942398575564,2185688.2806878285,13091.629862097645,4.145436386231662,0.044,2551818.6718551028
8,1.0356027664416172,0.11094162214270449,19.494733325390666,0.026604289495499,1.0000000000000012e-06,1.1417327037426876,1.0000000000000012e-06,1.0000000000000012e-06,0.57957469944208,1.0000000000000012e-06,1.0000000000000012e-06,13.069509715759708,1.0000000000000012e-06,7.279293167643016,0.1143024386391878,0.1397942398575564,2185688.280700419,7154.587415967407,4.039196279493575,0.044,2839888.0678153415
9,1.1084914364636023,0.11094162214270449,19.494733325390666,0.026604289495499,1.0000000000000012e-06,1.1417324190789366,1.0000000000000012e-06,1.0000000000000012e-06,0.6157296368525753,1.0000000000000012e-06,1.0000000000000012e-06,13.069509715759708,1.0000000000000012e-06,7.279293167643016,0.1143024386391878,0.1397942398575564,2185688.2807095563,3503.408938672025,3.973860450307162,0.044,3018681.08948227
10,1.0371866902555742,0.11094162214270449,19.494733325390666,0.026604289495499,1.0000000000000012e-06,1.1417326879908019,1.0000000000000012e-06,1.0000000000000012e-06,0.5803603693686391,1.0000000000000012e-06,1.0000000000000012e-06,13.069509715759708,1.0000000000000012e-06,7.279293167643016,0.1143024386391878,0.1397942398575564,2185688.280699244,7075.24509098655,4.03777649225682,0.044,2842523.8727708673
11,1.1099423780250683,0.11094162214270449,19.494733325390666,0.026604289495499,1.0000000000000012e-06,1.1416659709494348,1.0000000000000012e-06,1.0000000000000012e-06,0.6164605815156733,1.0000000000000012e-06,1.0000000000000012e-06,13.069509715759708,1.0000000000000012e-06,7.279293167643016,0.1143024386391878,0.1397942398575564,2185688.280710139,3429.5929931568403,3.9725395545923106,0.044,3022688.0728722913
12,0.9271947553975167,0.11094162214270449,19.494733325390666,0.026604289495499,1.0000000000000012e-06,1.1417326173484033,1.0000000000000012e-06,1.0000000000000012e-06,0.5258002589929502,1.0000000000000012e-06,1.0000000000000012e-06,13.069509715759708,1.0000000000000012e-06,7.279293167643016,0.1143024386391878,0.1397942398575564,2185688.2806891664,12585.106292075263,4.136372425744599,0.044,2576395.844303971
13,0.9682855329036515,0.11094162214270449,19.494733325390666,0.026604289495499,1.0000000000000012e-06,1.1417326572211406,1.0000000000000012e-06,1.0000000000000012e-06,0.5461829841261151,1.0000000000000012e-06,1.0000000000000012e-06,13.069509715759708,1.0000000000000012e-06,7.279293167643016,0.1143024386391878,0.1397942398575564,2185688.2806936926,10526.716172336617,4.099538667520338,0.044,2676871.81407067
14,1.055549094800303,0.11094162214270449,19.494733325390666,0.026604289495499,1.0000000000000012e-06,1.1417328031919836,1.0000000000000012e-06,1.0000000000000012e-06,0.5894687005863949,1.0000000000000012e-06,1.0000000000000012e-06,13.069509715759708,1.0000000000000012e-06,7.279293167643016,0.1143024386391878,0.1397942398575564,2185688.2807020405,6155.4222246392,4.021316768349071,0.044,2886410.8753554397
15,1.0023265519948257,0.11094162214270449,19.494733325390666,0.026604289495499,1.0000000000000012e-06,1.1417324903235042,1.0000000000000012e-06,1.0000000000000012e-06,0.5630685734598915,1.0000000000000012e-06,1.0000000000000012e-06,13.069509715759708,1.0000000000000012e-06,7.279293167643016,0.1143024386391878,0.1397942398575564,2185688.280696715,8821.49139605485,4.0690246087284905,0.044,2759005.9074633024
16,1.138446604730918,0.11094162214270449,19.494733325390666,0.026604289495499,1.0000000000000012e-06,1.1417323573263887,1.0000000000000012e-06,1.0000000000000012e-06,0.6305881725695401,1.0000000000000012e-06,1.0000000000000012e-06,13.069509715759708,1.0000000000000012e-06,7.279293167643016,0.1143024386391878,0.1397942398575564,2185688.280710279,2002.8903222108536,3.9470094955686856,0.044,3089780.0364037286
17,1.0283168736176613,0.11094162214270449,19.494733325390666,0.026604289495499,1.0000000000000012e-06,1.1417095054652628,1.0000000000000012e-06,1.0000000000000012e-06,0.5759611739763387,1.0000000000000012e-06,1.0000000000000012e-06,13.069509715759708,1.0000000000000012e-06,7.279293167643016,0.1143024386391878,0.1397942398575564,2185688.2809730866,7519.505643761268,4.045726290812899,0.044,2822245.614052102
18,1.0344309863344616,0.11094162214270449,19.494733325390666,0.026604289495499,1.0000000000000012e-06,1.1417325066692567,1.0000000000000012e-06,1.0000000000000012e-06,0.5789934502334978,1.0000000000000012e-06,1.0000000000000012e-06,13.069509715759708,1.0000000000000012e-06,7.279293167643016,0.1143024386391878,0.1397942398575564,2185688.2806996666,7213.286026442441,4.040246658818324,0.044,2837035.1358304815
19,0.9410166175978334,0.11094162214270449,19.494733325390666,0.026604289495499,1.0000000000000012e-06,1.1417327815038238,1.0000000000000012e-06,1.0000000000000012e-06,0.5326565058799786,1.0000000000000012e-06,1.0000000000000012e-06,13.069509715759708,1.0000000000000012e-06,7.279293167643016,0.1143024386391878,0.1397942398575564,2185688.280690322,11892.714557910213,4.123982456763743,0.044,2609990.780829315
20,0.9844334459121389,0.11094162214270449,19.494733325390666,0.026604289495499,1.0000000000000012e-06,1.1417326110192192,1.0000000000000012e-06,1.0000000000000012e-06,0.5541929602798858,1.0000000000000012e-06,1.0000000000000012e-06,13.069509715759708,1.0000000000000012e-06,7.279293167643016,0.1143024386391878,0.1397942398575564,2185688.280695958,9717.812784242415,4.085063786623689,0.044,2716186.8234001505
21,1.0515872629302463,0.11094162214270449,19.494733325390666,0.026604289495499,1.0000000000000012e-06,1.1417325281698179,1.0000000000000012e-06,1.0000000000000012e-06,0.5875035052853588,1.0000000000000012e-06,1.0000000000000012e-06,13.069509715759708,1.0000000000000012e-06,7.279293167643016,0.1143024386391878,0.1397942398575564,2185688.280701365,6353.881289942497,4.024868084087433,0.044,2877689.568418629
22,0.8374970703563811,0.11094162214270449,19.494733325390666,0.026604289495499,1.0000000000000012e-06,1.1416088357927485,1.0000000000000012e-06,1.0000000000000012e-06,0.48130874584524336,1.0000000000000012e-06,1.0000000000000012e-06,13.069509715759708,1.0000000000000012e-06,7.279293167643016,0.1143024386391878,0.1397942398575564,2185688.2813506103,17078.168557254663,4.216773303133152,0.044,2358678.1065441314
23,1.1057514647311486,0.11094162214270449,19.494733325390666,0.026604289495499,1.0000000000000012e-06,1.141732547068566,1.0000000000000012e-06,1.0000000000000012e-06,0.614370521730013,1.0000000000000012e-06,1.0000000000000012e-06,13.069509715759708,1.0000000000000012e-06,7.279293167643016,0.1143024386391878,0.1397942398575564,2185688.2807065304,3640.6622575035876,3.9763165228965147,0.044,3008483.623037211
24,1.086133661093642,0.11094162214270449,19.494733325390666,0.026604289495499,1.0000000000000012e-06,1.1417314871779458,1.0000000000000012e-06,1.0000000000000012e-06,0.6046395501154131,1.0000000000000012e-06,1.0000000000000012e-06,13.069509715759708,1.0000000000000012e-06,7.279293167643016,0.1143024386391878,0.1397942398575564,2185688.280706992,4623.363329949516,3.993901417699377,0.044,2965222.272557926
25,0.992609917892746,0.11094162214270449,19.494733325390666,0.026604289495499,1.0000000000000012e-06,1.1417324911802071,1.0000000000000012e-06,1.0000000000000012e-06,0.5582487795486137,1.0000000000000012e-06,1.0000000000000012e-06,13.069509715759708,1.0000000000000012e-06,7.279293167643016,0.1143024386391878,0.1397942398575564,2185688.2806958533,9308.227874633863,4.077734490106055,0.044,2735391.3242366686
26,1.0800946153039743,0.11094162214270449,19.494733325390666,0.026604289495499,1.0000000000000012e-06,1.1417326383159971,1.0000000000000012e-06,1.0000000000000012e-06,0.6016440137747392,1.0000000000000012e-06,1.0000000000000012e-06,13.069509715759708,1.0000000000000012e-06,7.279293167643016,0.1143024386391878,0.1397942398575564,2185688.2807060573,4925.873737748264,3.999314674940237,0.044,2948617.7524839914
27,1.0332223146377082,0.11094162214270449,19.494733325390666,0.026604289495499,1.0000000000000012e-06,1.1417673209159669,1.0000000000000012e-06,1.0000000000000012e-06,0.5783941034615108,1.0000000000000012e-06,1.0000000000000012e-06,13.069509715759708,1.0000000000000012e-06,7.279293167643016,0.1143024386391878,0.1397942398575564,2185688.280713194,7273.812043285898,4.0413297385997655,0.044,2835726.358522911
28,0.9125967958236058,0.11094162214270449,19.494733325390666,0.026604289495499,1.0000000000000012e-06,1.1417323045890653,1.0000000000000012e-06,1.0000000000000012e-06,0.5185590482091748,1.0000000000000012e-06,1.0000000000000012e-06,13.069509715759708,1.0000000000000012e-06,7.279293167643016,0.1143024386391878,0.1397942398575564,2185688.2807026496,13316.374328733327,4.149458064786825,0.044,2540939.4144366155
29,1.0615827824191775,0.11094162214270449,19.494733325390666,0.026604289495499,1.0000000000000012e-06,1.141732693154483,1.0000000000000012e-06,1.0000000000000012e-06,0.5924615948427161,1.0000000000000012e-06,1.0000000000000012e-06,13.069509715759708,1.0000000000000012e-06,7.279293167643016,0.1143024386391878,0.1397942398575564,2185688.2807032694,5853.178529546089,4.015908283785805,0.044,2904090.8515204443
30,1.0042820779719681,0.11094162214270449,19.494733325390666,0.026604289495499,1.0000000000000012e-06,1.1417325856071459,1.0000000000000012e-06,1.0000000000000012e-06,0.5640385870796604,1.0000000000000012e-06,1.0000000000000012e-06,13.069509715759708,1.0000000000000012e-06,7.279293167643016,0.1143024386391878,0.1397942398575564,2185688.280697205,8723.532497280725,4.06727168815345,0.044,2765140.243446611
31,1.007797480045981,0.11094162214270449,19.494733325390666,0.026604289495499,1.0000000000000012e-06,1.1417326050030123,1.0000000000000012e-06,1.0000000000000012e-06,0.5657823486063634,1.0000000000000012e-06,1.0000000000000012e-06,13.069509715759708,1.0000000000000012e-06,7.279293167643016,0.1143024386391878,0.1397942398575564,2185688.2806975096,8547.43525879366,4.064120524997108,0.044,2773789.8239401337
32,0.9290965112322507,0.11094162214270449,19.494733325390666,0.026604289495499,1.0000000000000012e-06,1.1417326142786268,1.0000000000000012e-06,1.0000000000000012e-06,0.5267436150347831,1.0000000000000012e-06,1.0000000000000012e-06,13.069509715759708,1.0000000000000012e-06,7.279293167643016,0.1143024386391878,0.1397942398575564,2185688.2806899287,12489.839603386614,4.134667680787705,0.044,2581019.092806864
33,1.101967601919676,0.11094162214270449,19.494733325390666,0.026604289495499,1.0000000000000012e-06,1.141733459109012,1.0000000000000012e-06,1.0000000000000012e-06,0.6124936258403092,1.0000000000000012e-06,1.0000000000000012e-06,13.069509715759708,1.0000000000000012e-06,7.279293167643016,0.1143024386391878,0.1397942398575564,2185688.2807062115,3830.204419728981,3.9797082755628956,0.044,2998357.699658624
34,0.9072097650650097,0.11094162214270449,19.494733325390666,0.026604289495499,1.0000000000000012e-06,1.1417326113551076,1.0000000000000012e-06,1.0000000000000012e-06,0.5158867889424806,1.0000000000000012e-06,1.0000000000000012e-06,13.069509715759708,1.0000000000000012e-06,7.279293167643016,0.1143024386391878,0.1397942398575564,2185688.2806871003,13586.237791501517,4.1542871228894445,0.044,2527820.3744523646
35,1.0758618482138065,0.11094162214270449,19.494733325390666,0.026604289495499,1.0000000000000012e-06,1.141731761891681,1.0000000000000012e-06,1.0000000000000012e-06,0.599544434736996,1.0000000000000012e-06,1.0000000000000012e-06,13.069509715759708,1.0000000000000012e-06,7.279293167643016,0.1143024386391878,0.1397942398575564,2185688.2807051293,5137.903955443212,4.003108838980485,0.044,2937739.7332661333
36,1.0549404733505312,0.11094162214270449,19.494733325390666,0.026604289495499,1.0000000000000012e-06,1.1417323340286214,1.0000000000000012e-06,1.0000000000000012e-06,0.58916681023175,1.0000000000000012e-06,1.0000000000000012e-06,13.069509715759708,1.0000000000000012e-06,7.279293167643016,0.1143024386391878,0.1397942398575564,2185688.280702763,6185.9089861140055,4.02186231216671,0.044,2887203.9555182946
37,1.0878166393490047,0.11094162214270449,19.494733325390666,0.026604289495499,1.0000000000000012e-06,1.141732688558033,1.0000000000000012e-06,1.0000000000000012e-06,0.6054743496089702,1.0000000000000012e-06,1.0000000000000012e-06,13.069509715759708,1.0000000000000012e-06,7.279293167643016,0.1143024386391878,0.1397942398575564,2185688.280704903,4539.059883290083,3.992392853919205,0.044,2965076.407534998
38,1.03249495827557,0.11094162214270449,19.494733325390666,0.026604289495499,1.0000000000000012e-06,1.1417327764204095,1.0000000000000012e-06,1.0000000000000012e-06,0.5780331208274357,1.0000000000000012e-06,1.0000000000000012e-06,13.069509715759708,1.0000000000000012e-06,7.279293167643016,0.1143024386391878,0.1397942398575564,2185688.280698719,7310.266967119322,4.041982079370674,0.044,2830470.4658931387
39,1.0684649240511779,0.11094162214270449,19.494733325390666,0.026604289495499,1.0000000000000012e-06,1.1417327891838436,1.0000000000000012e-06,1.0000000000000012e-06,0.5958753451653026,1.0000000000000012e-06,1.0000000000000012e-06,13.069509715759708,1.0000000000000012e-06,7.279293167643016,0.1143024386391878,0.1397942398575564,2185688.280703646,5508.434268579032,4.009739274987472,0.044,2919773.0247754175
40,1.096732763336082,0.11094162214270449,19.494733325390666,0.026604289495499,1.0000000000000012e-06,1.1417325515484014,1.0000000000000012e-06,1.0000000000000012e-06,0.6098970093878163,1.0000000000000012e-06,1.0000000000000012e-06,13.069509715759708,1.0000000000000012e-06,7.279293167643016,0.1143024386391878,0.1397942398575564,2185688.2807081575,4092.428483169339,3.984400630850659,0.044,2989596.6611693217
41,1.1125149181293488,0.11094162214270449,19.494733325390666,0.026604289495499,1.0000000000000012e-06,1.1417029011960549,1.0000000000000012e-06,1.0000000000000012e-06,0.6177256706193925,1.0000000000000012e-06,1.0000000000000012e-06,13.069509715759708,1.0000000000000012e-06,7.279293167643016,0.1143024386391878,0.1397942398575564,2185688.280735851,3301.8355816816957,3.9702534060790455,0.044,3026820.02028281
42,1.0210087544116762,0.11094162214270449,19.494733325390666,0.026604289495499,1.0000000000000012e-06,1.1417323841126246,1.0000000000000012e-06,1.0000000000000012e-06,0.5723355797982904,1.0000000000000012e-06,1.0000000000000012e-06,13.069509715759708,1.0000000000000012e-06,7.279293167643016,0.1143024386391878,0.1397942398575564,2185688.2806986547,7885.644319701008,4.052278140401041,0.044,2804416.295685378
43,1.0550482038282563,0.11094162214270449,19.494733325390666,0.026604289495499,1.0000000000000012e-06,1.141732799306166,1.0000000000000012e-06,1.0000000000000012e-06,0.5892202490055978,1.0000000000000012e-06,1.0000000000000012e-06,13.069509715759708,1.0000000000000012e-06,7.279293167643016,0.1143024386391878,0.1397942398575564,2185688.2807021216,6180.512399679081,4.02176574322165,0.044,2887150.3467090554
44,1.1167809617666051,0.11094162214270449,19.494733325390666,0.026604289495499,1.0000000000000012e-06,1.1417324076387376,1.0000000000000012e-06,1.0000000000000012e-06,0.619841447047257,1.0000000000000012e-06,1.0000000000000012e-06,13.069509715759708,1.0000000000000012e-06,7.279293167643016,0.1143024386391878,0.1397942398575564,2185688.280708002,3088.1698112181834,3.966429974670736,0.044,3036885.6609043586
45,1.0076247106181246,0.11094162214270449,19.494733325390666,0.026604289495499,1.0000000000000012e-06,1.1417321831632026,1.0000000000000012e-06,1.0000000000000012e-06,0.5656966482941626,1.0000000000000012e-06,1.0000000000000012e-06,13.069509715759708,1.0000000000000012e-06,7.279293167643016,0.1143024386391878,0.1397942398575564,2185688.280698399,8556.089814779047,4.064275393514497,0.044,2773932.154828212
46,1.096370080579778,0.11094162214270449,19.494733325390666,0.026604289495499,1.0000000000000012e-06,1.1417316263627466,1.0000000000000012e-06,1.0000000000000012e-06,0.6097171025342655,1.0000000000000012e-06,1.0000000000000012e-06,13.069509715759708,1.0000000000000012e-06,7.279293167643016,0.1143024386391878,0.1397942398575564,2185688.2807066506,4110.596855919097,3.9847257438782497,0.044,2987584.1316019185
47,0.9423334942580511,0.11094162214270449,19.494733325390666,0.026604289495499,1.0000000000000012e-06,1.141732352914802,1.0000000000000012e-06,1.0000000000000012e-06,0.5333097184027914,1.0000000000000012e-06,1.0000000000000012e-06,13.069509715759708,1.0000000000000012e-06,7.279293167643016,0.1143024386391878,0.1397942398575564,2185688.2806908283,11826.748318139551,4.12280202721249,0.044,2615836.647195943
48,1.116125638607112,0.11094162214270449,19.494733325390666,0.026604289495499,1.0000000000000012e-06,1.1417324984362265,1.0000000000000012e-06,1.0000000000000012e-06,0.619516391658175,1.0000000000000012e-06,1.0000000000000012e-06,13.069509715759708,1.0000000000000012e-06,7.279293167643016,0.1143024386391878,0.1397942398575564,2185688.2807076178,3120.9963285301205,3.967017387129273,0.044,3033830.1941989954
49,0.9685016671508399,0.11094162214270449,19.494733325390666,0.026604289495499,1.0000000000000012e-06,1.141732609983776,1.0000000000000012e-06,1.0000000000000012e-06,0.5462901923092478,1.0000000000000012e-06,1.0000000000000012e-06,13.069509715759708,1.0000000000000012e-06,7.279293167643016,0.1143024386391878,0.1397942398575564,2185688.2806934565,10515.889603356742,4.0993449320270825,0.044,2676795.496220298
50,0.960686291730836,0.11094162214270449,19.494733325390666,0.026604289495499,1.0000000000000012e-06,1.1417327175311682,1.0000000000000012e-06,1.0000000000000012e-06,0.5424134646806783,1.0000000000000012e-06,1.0000000000000012e-06,13.069509715759708,1.0000000000000012e-06,7.279293167643016,0.1143024386391878,0.1397942398575564,2185688.2806927403,10907.3886564105,4.10635059209485,0.044,2657803.6520504146
51,0.9714283822347978,0.11094162214270449,19.494733325390666,0.026604289495499,1.0000000000000012e-06,1.141732556650475,1.0000000000000012e-06,1.0000000000000012e-06,0.5477419511439285,1.0000000000000012e-06,1.0000000000000012e-06,13.069509715759708,1.0000000000000012e-06,7.279293167643016,0.1143024386391878,0.1397942398575564,2185688.280693004,10369.280913163988,4.096721450210294,0.044,2683303.305701784
52,1.0026692536197486,0.11094162214270449,19.494733325390666,0.026604289495499,1.0000000000000012e-06,1.1417325856902178,1.0000000000000012e-06,1.0000000000000012e-06,0.5632385674450082,1.0000000000000012e-06,1.0000000000000012e-06,13.069509715759708,1.0000000000000012e-06,7.279293167643016,0.1143024386391878,0.1397942398575564,2185688.280696443,8804.324306110344,4.0687174131024,0.044,2758965.434762391
53,0.9831279713998233,0.11094162214270449,19.494733325390666,0.026604289495499,1.0000000000000012e-06,1.141732663409105,1.0000000000000012e-06,1.0000000000000012e-06,0.5535453937590543,1.0000000000000012e-06,1.0000000000000012e-06,13.069509715759708,1.0000000000000012e-06,7.279293167643016,0.1143024386391878,0.1397942398575564,2185688.2806948978,9783.208647883575,4.086234009607054,0.044,2712345.562904965
54,1.0557615265392533,0.11094162214270449,19.494733325390666,0.026604289495499,1.0000000000000012e-06,1.1417323992129764,1.0000000000000012e-06,1.0000000000000012e-06,0.5895740761382949,1.0000000000000012e-06,1.0000000000000012e-06,13.069509715759708,1.0000000000000012e-06,7.279293167643016,0.1143024386391878,0.1397942398575564,2185688.280703696,6144.780306436571,4.021126337083225,0.044,2890354.899121899
55,1.017244793029283,0.11094162214270449,19.494733325390666,0.026604289495499,1.0000000000000012e-06,1.1417324008554035,1.0000000000000012e-06,1.0000000000000012e-06,0.5704685432257445,1.0000000000000012e-06,1.0000000000000012e-06,13.069509715759708,1.0000000000000012e-06,7.279293167643016,0.1143024386391878,0.1397942398575564,2185688.2806991283,8074.190523456784,4.055652070940212,0.044,2797183.6812755843
56,0.9401516332689013,0.11094162214270449,19.494733325390666,0.026604289495499,1.0000000000000012e-06,1.1417327217586746,1.0000000000000012e-06,1.0000000000000012e-06,0.5322274325335571,1.0000000000000012e-06,1.0000000000000012e-06,13.069509715759708,1.0000000000000012e-06,7.279293167643016,0.1143024386391878,0.1397942398575564,2185688.2806901718,11936.045346080124,4.124757837368036,0.044,2608254.1684191846
57,1.0007389634204227,0.11094162214270449,19.494733325390666,0.026604289495499,1.0000000000000012e-06,1.1417326253489573,1.0000000000000012e-06,1.0000000000000012e-06,0.5622810768167326,1.0000000000000012e-06,1.0000000000000012e-06,13.069509715759708,1.0000000000000012e-06,7.279293167643016,0.1143024386391878,0.1397942398575564,2185688.2806959683,8901.01843946156,4.070447701396365,0.044,2753923.782398356
58,1.0273375507658369,0.11094162214270449,19.494733325390666,0.026604289495499,1.0000000000000012e-06,1.1417326355973807,1.0000000000000012e-06,1.0000000000000012e-06,0.5754748757678877,1.0000000000000012e-06,1.0000000000000012e-06,13.069509715759708,1.0000000000000012e-06,7.279293167643016,0.1143024386391878,0.1397942398575564,2185688.2806992973,7568.616269133265,4.046605097932977,0.044,2819798.6908543976
59,0.9960601554344453,0.11094162214270449,19.494733325390666,0.026604289495499,1.0000000000000012e-06,1.141732349884889,1.0000000000000012e-06,1.0000000000000012e-06,0.5599602252505261,1.0000000000000012e-06,1.0000000000000012e-06,13.069509715759708,1.0000000000000012e-06,7.279293167643016,0.1143024386391878,0.1397942398575564,2185688.2807020424,9135.394107607535,4.074641724985784,0.044,2743777.5827381155
60,1.0953503391214012,0.11094162214270449,19.494733325390666,0.026604289495499,1.0000000000000012e-06,1.1417961712589013,1.0000000000000012e-06,1.0000000000000012e-06,0.6092095416452273,1.0000000000000012e-06,1.0000000000000012e-06,13.069509715759708,1.0000000000000012e-06,7.279293167643016,0.1143024386391878,0.1397942398575564,2185688.2799703763,4161.856275555873,3.9856430016613835,0.044,2984890.3532857657
61,1.100993403772177,0.11094162214270449,19.494733325390666,0.026604289495499,1.0000000000000012e-06,1.1417332887767857,1.0000000000000012e-06,1.0000000000000012e-06,0.6120103906714497,1.0000000000000012e-06,1.0000000000000012e-06,13.069509715759708,1.0000000000000012e-06,7.279293167643016,0.1143024386391878,0.1397942398575564,2185688.280706354,3879.0045921959777,3.9805815277892997,0.044,2998820.234836998
62,1.0389482907994645,0.11094162214270449,19.494733325390666,0.026604289495499,1.0000000000000012e-06,1.141731760667976,1.0000000000000012e-06,1.0000000000000012e-06,0.5812341825291139,1.0000000000000012e-06,1.0000000000000012e-06,13.069509715759708,1.0000000000000012e-06,7.279293167643016,0.1143024386391878,0.1397942398575564,2185688.280701799,6987.000983923781,4.036197412536023,0.044,2850223.9804987498
63,0.8906888252858929,0.11094162214270449,19.494733325390666,0.026604289495499,1.0000000000000012e-06,1.1417314938427396,1.0000000000000012e-06,1.0000000000000012e-06,0.5076915955748266,1.0000000000000012e-06,1.0000000000000012e-06,13.069509715759708,1.0000000000000012e-06,7.279293167643016,0.1143024386391878,0.1397942398575564,2185688.2806850662,14413.845701738017,4.169096710915071,0.044,2487663.941524789
64,1.0674359807193794,0.11094162214270449,19.494733325390666,0.026604289495499,1.0000000000000012e-06,1.1417324959606607,1.0000000000000012e-06,1.0000000000000012e-06,0.5953649506102826,1.0000000000000012e-06,1.0000000000000012e-06,13.069509715759708,1.0000000000000012e-06,7.279293167643016,0.1143024386391878,0.1397942398575564,2185688.280703747,5559.977479042439,4.010661612368951,0.044,2917258.8544970797
65,1.011840644877722,0.11094162214270449,19.494733325390666,0.026604289495499,1.0000000000000012e-06,1.1417328177456236,1.0000000000000012e-06,1.0000000000000012e-06,0.5677878950492848,1.0000000000000012e-06,1.0000000000000012e-06,13.069509715759708,1.0000000000000012e-06,7.279293167643016,0.1143024386391878,0.1397942398575564,2185688.280696945,8344.901316072921,4.060496291568,0.044,2782132.8864730834
66,1.0692417695910699,0.11094162214270449,19.494733325390666,0.026604289495499,1.0000000000000012e-06,1.141732665126732,1.0000000000000012e-06,1.0000000000000012e-06,0.5962606806050776,1.0000000000000012e-06,1.0000000000000012e-06,13.069509715759708,1.0000000000000012e-06,7.279293167643016,0.1143024386391878,0.1397942398575564,2185688.2807041537,5469.520261653985,4.00904293025315,0.044,2923013.435988336
67,0.9822665707989882,0.11094162214270449,19.494733325390666,0.026604289495499,1.0000000000000012e-06,1.1417308847151377,1.0000000000000012e-06,1.0000000000000012e-06,0.5531181122991633,1.0000000000000012e-06,1.0000000000000012e-06,13.069509715759708,1.0000000000000012e-06,7.279293167643016,0.1143024386391878,0.1397942398575564,2185688.280697937,9826.358413682852,4.087006150921368,0.044,2711161.984715828
68,1.099078285700475,0.11094162214270449,19.494733325390666,0.026604289495499,1.0000000000000012e-06,1.141732696975024,1.0000000000000012e-06,1.0000000000000012e-06,0.611060451723928,1.0000000000000012e-06,1.0000000000000012e-06,13.069509715759708,1.0000000000000012e-06,7.279293167643016,0.1143024386391878,0.1397942398575564,2185688.2807077463,3974.936061938768,3.982298168641112,0.044,2994167.5522212083
69,1.1545353554099225,0.11094162214270449,19.494733325390666,0.026604289495499,1.0000000000000012e-06,1.1417287667825944,1.0000000000000012e-06,1.0000000000000012e-06,0.6385685982061596,1.0000000000000012e-06,1.0000000000000012e-06,13.069509715759708,1.0000000000000012e-06,7.279293167643016,0.1143024386391878,0.1397942398575564,2185688.2807121533,1196.9711508824644,3.932588015587816,0.044,3128949.387649023
70,0.9907783876478256,0.11094162214270449,19.494733325390666,0.026604289495499,1.0000000000000012e-06,1.141732834184179,1.0000000000000012e-06,1.0000000000000012e-06,0.557340272604003,1.0000000000000012e-06,1.0000000000000012e-06,13.069509715759708,1.0000000000000012e-06,7.279293167643016,0.1143024386391878,0.1397942398575564,2185688.2806941895,9399.975363799827,4.079376260922885,0.044,2729780.0786070116
71,0.9830481390526258,0.11094162214270449,19.494733325390666,0.026604289495499,1.0000000000000012e-06,1.1417327143951899,1.0000000000000012e-06,1.0000000000000012e-06,0.5535057961939566,1.0000000000000012e-06,1.0000000000000012e-06,13.069509715759708,1.0000000000000012e-06,7.279293167643016,0.1143024386391878,0.1397942398575564,2185688.2806950617,9787.207485965697,4.086305566613821,0.044,2712154.2882850943
72,1.026920440863823,0.11094162214270449,19.494733325390666,0.026604289495499,1.0000000000000012e-06,1.1417327331265301,1.0000000000000012e-06,1.0000000000000012e-06,0.5752679836247034,1.0000000000000012e-06,1.0000000000000012e-06,13.069509715759708,1.0000000000000012e-06,7.279293167643016,0.1143024386391878,0.1397942398575564,2185688.280699146,7589.509684102147,4.04697897409361,0.044,2818786.355406735
73,1.0876585363273148,0.11094162214270449,19.494733325390666,0.026604289495499,1.0000000000000012e-06,1.1417324340964572,1.0000000000000012e-06,1.0000000000000012e-06,0.6053959247261806,1.0000000000000012e-06,1.0000000000000012e-06,13.069509715759708,1.0000000000000012e-06,7.279293167643016,0.1143024386391878,0.1397942398575564,2185688.280705914,4546.979595789456,3.9925345728170942,0.044,2966409.6828839197
74,1.0246717562610406,0.11094162214270449,19.494733325390666,0.026604289495499,1.0000000000000012e-06,1.1417326488656125,1.0000000000000012e-06,1.0000000000000012e-06,0.5741525620207097,1.0000000000000012e-06,1.0000000000000012e-06,13.069509715759708,1.0000000000000012e-06,7.279293167643016,0.1143024386391878,0.1397942398575564,2185688.280699453,7702.152752681944,4.0489946598064215,0.044,2813322.156336991
75,1.0509272662584719,0.11094162214270449,19.494733325390666,0.026604289495499,1.0000000000000012e-06,1.1417327271183966,1.0000000000000012e-06,1.0000000000000012e-06,0.5871761349504798,1.0000000000000012e-06,1.0000000000000012e-06,13.069509715759708,1.0000000000000012e-06,7.279293167643016,0.1143024386391878,0.1397942398575564,2185688.2807018585,6386.941319217702,4.025459675115594,0.044,2877332.7869075774
76,0.9955014632382967,0.11094162214270449,19.494733325390666,0.026604289495499,1.0000000000000012e-06,1.1417324684180934,1.0000000000000012e-06,1.0000000000000012e-06,0.5596830882100657,1.0000000000000012e-06,1.0000000000000012e-06,13.069509715759708,1.0000000000000012e-06,7.279293167643016,0.1143024386391878,0.1397942398575564,2185688.2806959185,9163.381361774338,4.075142541483651,0.044,2742411.406798647
77,1.035899988212851,0.11094162214270449,19.494733325390666,0.026604289495499,1.0000000000000012e-06,1.141732485591058,1.0000000000000012e-06,1.0000000000000012e-06,0.5797221339587844,1.0000000000000012e-06,1.0000000000000012e-06,13.069509715759708,1.0000000000000012e-06,7.279293167643016,0.1143024386391878,0.1397942398575564,2185688.2807011036,7139.698255989421,4.038929846172151,0.044,2842454.748009339
78,1.052089994086078,0.11094162214270449,19.494733325390666,0.026604289495499,1.0000000000000012e-06,1.1417330774739614,1.0000000000000012e-06,1.0000000000000012e-06,0.5877528782718827,1.0000000000000012e-06,1.0000000000000012e-06,13.069509715759708,1.0000000000000012e-06,7.279293167643016,0.1143024386391878,0.1397942398575564,2185688.280700799,6328.697921410576,4.024417441567741,0.044,2878360.2178373896
79,1.1068046363320336,0.11094162214270449,19.494733325390666,0.026604289495499,1.0000000000000012e-06,1.1417326149180194,1.0000000000000012e-06,1.0000000000000012e-06,0.6148929229365857,1.0000000000000012e-06,1.0000000000000012e-06,13.069509715759708,1.0000000000000012e-06,7.279293167643016,0.1143024386391878,0.1397942398575564,2185688.280704889,3587.9063417628654,3.9753724848188283,0.044,3012943.4880516585
80,1.0684011694942777,0.11094162214270449,19.494733325390666,0.026604289495499,1.0000000000000012e-06,1.1417383314914367,1.0000000000000012e-06,1.0000000000000012e-06,0.5958437103769889,1.0000000000000012e-06,1.0000000000000012e-06,13.069509715759708,1.0000000000000012e-06,7.279293167643016,0.1143024386391878,0.1397942398575564,2185688.2807018026,5511.629211586302,4.009796446730757,0.044,2917335.5080043646
81,1.016829824828679,0.11094162214270449,19.494733325390666,0.026604289495499,1.0000000000000012e-06,1.1417325457334382,1.0000000000000012e-06,1.0000000000000012e-06,0.5702626966755018,1.0000000000000012e-06,1.0000000000000012e-06,13.069509715759708,1.0000000000000012e-06,7.279293167643016,0.1143024386391878,0.1397942398575564,2185688.280698017,8094.978547464181,4.056024061185881,0.044,2794259.0230152966
82,0.9870169856171848,0.11094162214270449,19.494733325390666,0.026604289495499,1.0000000000000012e-06,1.1420059040919255,1.0000000000000012e-06,1.0000000000000012e-06,0.5554837817289389,1.0000000000000012e-06,1.0000000000000012e-06,13.069509715759708,1.0000000000000012e-06,7.279293167643016,0.1143024386391878,0.1397942398575564,2185688.2817466594,9587.45376900129,4.0827310856771435,0.044,2720419.434862964
83,1.076293809650322,0.11094162214270449,19.494733325390666,0.026604289495499,1.0000000000000012e-06,1.1417328372248083,1.0000000000000012e-06,1.0000000000000012e-06,0.5997586906300328,1.0000000000000012e-06,1.0000000000000012e-06,13.069509715759708,1.0000000000000012e-06,7.279293167643016,0.1143024386391878,0.1397942398575564,2185688.280702723,5116.267062064029,4.0027216586783405,0.044,2937087.681886216
84,0.8950955236389517,0.11094162214270449,19.494733325390666,0.026604289495499,1.0000000000000012e-06,1.1417326261489211,1.0000000000000012e-06,1.0000000000000012e-06,0.5098775378465431,1.0000000000000012e-06,1.0000000000000012e-06,13.069509715759708,1.0000000000000012e-06,7.279293167643016,0.1143024386391878,0.1397942398575564,2185688.2806860027,14193.093970414608,4.165146480188874,0.044,2498375.720646521
85,0.9730734949395257,0.11094162214270449,19.494733325390666,0.026604289495499,1.0000000000000012e-06,1.1417323415595044,1.0000000000000012e-06,1.0000000000000012e-06,0.5485579891419349,1.0000000000000012e-06,1.0000000000000012e-06,13.069509715759708,1.0000000000000012e-06,7.279293167643016,0.1143024386391878,0.1397942398575564,2185688.2806942505,10286.871375308723,4.095246776891712,0.044,2690347.9534485987
86,1.0222005077894873,0.11094162214270449,19.494733325390666,0.026604289495499,1.0000000000000012e-06,1.1417326920807835,1.0000000000000012e-06,1.0000000000000012e-06,0.5729267389370809,1.0000000000000012e-06,1.0000000000000012e-06,13.069509715759708,1.0000000000000012e-06,7.279293167643016,0.1143024386391878,0.1397942398575564,2185688.2806984214,7825.944938740256,4.0512098528375216,0.044,2807313.054761931
87,1.1331201781429998,0.11094162214270449,19.494733325390666,0.026604289495499,1.0000000000000012e-06,1.1417325660884878,1.0000000000000012e-06,1.0000000000000012e-06,0.6279461311274366,1.0000000000000012e-06,1.0000000000000012e-06,13.069509715759708,1.0000000000000012e-06,7.279293167643016,0.1143024386391878,0.1397942398575564,2185688.280708154,2269.702134124997,3.9517839460829576,0.044,3076903.380698153
88,1.0701155338414206,0.11094162214270449,19.494733325390666,0.026604289495499,1.0000000000000012e-06,1.141732802299412,1.0000000000000012e-06,1.0000000000000012e-06,0.596694097944503,1.0000000000000012e-06,1.0000000000000012e-06,13.069509715759708,1.0000000000000012e-06,7.279293167643016,0.1143024386391878,0.1397942398575564,2185688.280703668,5425.750891552272,4.008259701465449,0.044,2923771.8419376235
89,0.9956468271529939,0.11094162214270449,19.494733325390666,0.026604289495499,1.0000000000000012e-06,1.1417325443482913,1.0000000000000012e-06,1.0000000000000012e-06,0.5597551966393084,1.0000000000000012e-06,1.0000000000000012e-06,13.069509715759708,1.0000000000000012e-06,7.279293167643016,0.1143024386391878,0.1397942398575564,2185688.280696311,9156.099155077829,4.075012230403725,0.044,2744632.7525853403
90,0.9593059054518237,0.11094162214270449,19.494733325390666,0.026604289495499,1.0000000000000012e-06,1.1417325726116991,1.0000000000000012e-06,1.0000000000000012e-06,0.5417287326457223,1.0000000000000012e-06,1.0000000000000012e-06,13.069509715759708,1.0000000000000012e-06,7.279293167643016,0.1143024386391878,0.1397942398575564,2185688.280692463,10976.537542513963,4.107587973350875,0.044,2655822.9738415023
91,0.8889547857615006,0.11094162214270449,19.494733325390666,0.026604289495499,1.0000000000000012e-06,1.1417327643780804,1.0000000000000012e-06,1.0000000000000012e-06,0.5068314253878194,1.0000000000000012e-06,1.0000000000000012e-06,13.069509715759708,1.0000000000000012e-06,7.279293167643016,0.1143024386391878,0.1397942398575564,2185688.2806847477,14500.711699809257,4.170651130137993,0.044,2483451.2903209273
92,1.0976012040266792,0.11094162214270449,19.494733325390666,0.026604289495499,1.0000000000000012e-06,1.141732508397451,1.0000000000000012e-06,1.0000000000000012e-06,0.6103277628682283,1.0000000000000012e-06,1.0000000000000012e-06,13.069509715759708,1.0000000000000012e-06,7.279293167643016,0.1143024386391878,0.1397942398575564,2185688.2807052867,4048.928112170617,3.983622215649579,0.044,2990571.0376016013
93,1.0272066769079429,0.11094162214270449,19.494733325390666,0.026604289495499,1.0000000000000012e-06,1.1417318628959188,1.0000000000000012e-06,1.0000000000000012e-06,0.5754099610885928,1.0000000000000012e-06,1.0000000000000012e-06,13.069509715759708,1.0000000000000012e-06,7.279293167643016,0.1143024386391878,0.1397942398575564,2185688.2806992796,7575.17180721295,4.046722405678642,0.044,2819480.61626746
94,0.8132882563943775,0.11094162214270449,19.494733325390666,0.026604289495499,1.0000000000000012e-06,1.141732764450101,1.0000000000000012e-06,1.0000000000000012e-06,0.46929627786235417,1.0000000000000012e-06,1.0000000000000012e-06,13.069509715759708,1.0000000000000012e-06,7.279293167643016,0.1143024386391878,0.1397942398575564,2185688.280676696,18291.2732592062,4.2384811428625895,0.044,2299538.5210840763
95,1.0319964355359863,0.11094162214270449,19.494733325390666,0.026604289495499,1.0000000000000012e-06,1.1417326219409143,1.0000000000000012e-06,1.0000000000000012e-06,0.5777858434505335,1.0000000000000012e-06,1.0000000000000012e-06,13.069509715759708,1.0000000000000012e-06,7.279293167643016,0.1143024386391878,0.1397942398575564,2185688.2807006226,7335.238596190462,4.042428932931652,0.044,2831124.1569261984
96,0.9924121308764681,0.11094162214270449,19.494733325390666,0.026604289495499,1.0000000000000012e-06,1.1417326811994386,1.0000000000000012e-06,1.0000000000000012e-06,0.5581507224191267,1.0000000000000012e-06,1.0000000000000012e-06,13.069509715759708,1.0000000000000012e-06,7.279293167643016,0.1143024386391878,0.1397942398575564,2185688.2807200854,9318.130294348248,4.077911688499806,0.044,2734946.417516052
97,0.9775204663282255,0.11094162214270449,19.494733325390666,0.026604289495499,1.0000000000000012e-06,1.1417318829447887,1.0000000000000012e-06,1.0000000000000012e-06,0.5507638586309569,1.0000000000000012e-06,1.0000000000000012e-06,13.069509715759708,1.0000000000000012e-06,7.279293167643016,0.1143024386391878,0.1397942398575564,2185688.280695284,10064.107295815917,4.091260536302816,0.044,2700748.154907013
98,1.0347391490760873,0.11094162214270449,19.494733325390666,0.026604289495499,1.0000000000000012e-06,1.1417327097944192,1.0000000000000012e-06,1.0000000000000012e-06,0.5791463159874233,1.0000000000000012e-06,1.0000000000000012e-06,13.069509715759708,1.0000000000000012e-06,7.279293167643016,0.1143024386391878,0.1397942398575564,2185688.280699844,7197.848573090697,4.039970414087855,0.044,2837788.9843484396
99,0.9826448324809931,0.11094162214270449,19.494733325390666,0.026604289495499,1.0000000000000012e-06,1.1417324919801906,1.0000000000000012e-06,1.0000000000000012e-06,0.5533057310105102,1.0000000000000012e-06,1.0000000000000012e-06,13.069509715759708,1.0000000000000012e-06,7.279293167643016,0.1143024386391878,0.1397942398575564,2185688.2806942817,9807.411471270098,4.086667105808955,0.044,2711151.227736763
100,1.0804588782354778,0.11094162214270449,19.494733325390666,0.026604289495499,1.0000000000000012e-06,1.1416822877817934,1.0000000000000012e-06,1.0000000000000012e-06,0.6018246907490697,1.0000000000000012e-06,1.0000000000000012e-06,13.069509715759708,1.0000000000000012e-06,7.279293167643016,0.1143024386391878,0.1397942398575564,2185688.2807063507,4907.627455998543,3.9989881677718033,0.044,2951826.008438043
101,1.087148938018068,0.11094162214270449,19.494733325390666,0.026604289495499,1.0000000000000012e-06,1.1417381960233424,1.0000000000000012e-06,1.0000000000000012e-06,0.6051431434300372,1.0000000000000012e-06,1.0000000000000012e-06,13.069509715759708,1.0000000000000012e-06,7.279293167643016,0.1143024386391878,0.1397942398575564,2185688.2807017886,4572.507230854792,3.9929913757885176,0.044,2965172.0258863745
102,1.0264317842418622,0.11094162214270449,19.494733325390666,0.026604289495499,1.0000000000000012e-06,1.1417326576060696,1.0000000000000012e-06,1.0000000000000012e-06,0.5750255948947042,1.0000000000000012e-06,1.0000000000000012e-06,13.069509715759708,1.0000000000000012e-06,7.279293167643016,0.1143024386391878,0.1397942398575564,2185688.2806998314,7613.987790179476,4.047416996330075,0.044,2817598.194809597
103,1.0223054462886099,0.11094162214270449,19.494733325390666,0.026604289495499,1.0000000000000012e-06,1.141732676167079,1.0000000000000012e-06,1.0000000000000012e-06,0.5729787937868991,1.0000000000000012e-06,1.0000000000000012e-06,13.069509715759708,1.0000000000000012e-06,7.279293167643016,0.1143024386391878,0.1397942398575564,2185688.280699001,7820.688074378562,4.051115784144242,0.044,2807568.567262672
104,0.9696447485131743,0.11094162214270449,19.494733325390666,0.026604289495499,1.0000000000000012e-06,1.1417328270303675,1.0000000000000012e-06,1.0000000000000012e-06,0.5468572122922551,1.0000000000000012e-06,1.0000000000000012e-06,13.069509715759708,1.0000000000000012e-06,7.279293167643016,0.1143024386391878,0.1397942398575564,2185688.280693299,10458.627962874043,4.098320266487794,0.044,2679573.546283264
105,1.0839141474871266,0.11094162214270449,19.494733325390666,0.026604289495499,1.0000000000000012e-06,1.1417324417556998,1.0000000000000012e-06,1.0000000000000012e-06,0.6035385966854774,1.0000000000000012e-06,1.0000000000000012e-06,13.069509715759708,1.0000000000000012e-06,7.279293167643016,0.1143024386391878,0.1397942398575564,2185688.2807044154,4734.545583563342,3.995890962927262,0.044,2957152.7721680524
106,1.1328573024605106,0.11094162214270449,19.494733325390666,0.026604289495499,1.0000000000000012e-06,1.1417299738063489,1.0000000000000012e-06,1.0000000000000012e-06,0.6278157476674869,1.0000000000000012e-06,1.0000000000000012e-06,13.069509715759708,1.0000000000000012e-06,7.279293167643016,0.1143024386391878,0.1397942398575564,2185688.280711184,2282.869157011731,3.9520195627156633,0.044,3076266.6819681656
107,1.0521945066908744,0.11094162214270449,19.494733325390666,0.026604289495499,1.0000000000000012e-06,1.141732684075274,1.0000000000000012e-06,1.0000000000000012e-06,0.5878047232096165,1.0000000000000012e-06,1.0000000000000012e-06,13.069509715759708,1.0000000000000012e-06,7.279293167643016,0.1143024386391878,0.1397942398575564,2185688.2807021816,6323.461968334673,4.024323747071848,0.044,2881375.9771115337
108,0.9881362423918385,0.11094162214270449,19.494733325390666,0.026604289495499,1.0000000000000012e-06,1.1417322778906978,1.0000000000000012e-06,1.0000000000000012e-06,0.5560296783645945,1.0000000000000012e-06,1.0000000000000012e-06,13.069509715759708,1.0000000000000012e-06,7.279293167643016,0.1143024386391878,0.1397942398575564,2185688.280696479,9532.328000294718,4.081744638508725,0.044,2726019.185664398
109,0.9902067172116562,0.11094162214270449,19.494733325390666,0.026604289495499,1.0000000000000012e-06,1.1417325929801616,1.0000000000000012e-06,1.0000000000000012e-06,0.5570567081296067,1.0000000000000012e-06,1.0000000000000012e-06,13.069509715759708,1.0000000000000012e-06,7.279293167643016,0.1143024386391878,0.1397942398575564,2185688.280695699,9428.611439319155,4.079888687735396,0.044,2730904.5429505166
110,1.022136095634808,0.11094162214270449,19.494733325390666,0.026604289495499,1.0000000000000012e-06,1.1417325682261845,1.0000000000000012e-06,1.0000000000000012e-06,0.5728947877616942,1.0000000000000012e-06,1.0000000000000012e-06,13.069509715759708,1.0000000000000012e-06,7.279293167643016,0.1143024386391878,0.1397942398575564,2185688.2806992126,7829.171589382586,4.051267591976198,0.044,2807156.400780961
111,0.9976476161494923,0.11094162214270449,19.494733325390666,0.026604289495499,1.0000000000000012e-06,1.1420129495078617,1.0000000000000012e-06,1.0000000000000012e-06,0.5607635024518496,1.0000000000000012e-06,1.0000000000000012e-06,13.069509715759708,1.0000000000000012e-06,7.279293167643016,0.1143024386391878,0.1397942398575564,2185688.2816854003,9054.270813350906,4.0731900700458725,0.044,2746348.015759181
112,1.0311596461769834,0.11094162214270449,19.494733325390666,0.026604289495499,1.0000000000000012e-06,1.141732669568032,1.0000000000000012e-06,1.0000000000000012e-06,0.5773707687800526,1.0000000000000012e-06,1.0000000000000012e-06,13.069509715759708,1.0000000000000012e-06,7.279293167643016,0.1143024386391878,0.1397942398575564,2185688.2807003455,7377.155659537812,4.043179015708149,0.044,2829855.152130672
113,1.0763958745288869,0.11094162214270449,19.494733325390666,0.026604289495499,1.0000000000000012e-06,1.1417326889214776,1.0000000000000012e-06,1.0000000000000012e-06,0.5998093252150475,1.0000000000000012e-06,1.0000000000000012e-06,13.069509715759708,1.0000000000000012e-06,7.279293167643016,0.1143024386391878,0.1397942398575564,2185688.280704012,5111.153467199245,4.0026301537151205,0.044,2939036.4434551555
114,1.0807770619802894,0.11094162214270449,19.494733325390666,0.026604289495499,1.0000000000000012e-06,1.1417325250442547,1.0000000000000012e-06,1.0000000000000012e-06,0.6019825161431336,1.0000000000000012e-06,1.0000000000000012e-06,13.069509715759708,1.0000000000000012e-06,7.279293167643016,0.1143024386391878,0.1397942398575564,2185688.2807044573,4891.689456688381,3.9987029660432083,0.044,2949684.4682023292
115,0.967743820282462,0.11094162214270449,19.494733325390666,0.026604289495499,1.0000000000000012e-06,1.1417326757011996,1.0000000000000012e-06,1.0000000000000012e-06,0.5459142745296365,1.0000000000000012e-06,1.0000000000000012e-06,13.069509715759708,1.0000000000000012e-06,7.279293167643016,0.1143024386391878,0.1397942398575564,2185688.2806937103,10553.852346859912,4.100024254427417,0.044,2675272.0826195427
116,0.9502792504211058,0.11094162214270449,19.494733325390666,0.026604289495499,1.0000000000000012e-06,1.1417326331484874,1.0000000000000012e-06,1.0000000000000012e-06,0.5372511474969013,1.0000000000000012e-06,1.0000000000000012e-06,13.069509715759708,1.0000000000000012e-06,7.279293167643016,0.1143024386391878,0.1397942398575564,2185688.28069087,11428.715532563629,4.115679449596268,0.044,2632504.307522475
117,0.9448240637807801,0.11094162214270449,19.494733325390666,0.026604289495499,1.0000000000000012e-06,1.1417326477788663,1.0000000000000012e-06,1.0000000000000012e-06,0.5345451497263286,1.0000000000000012e-06,1.0000000000000012e-06,13.069509715759708,1.0000000000000012e-06,7.279293167643016,0.1143024386391878,0.1397942398575564,2185688.2806902006,11701.986102348807,4.120569476030275,0.044,2619245.0406070133
118,1.019749577233059,0.11094162214270449,19.494733325390666,0.026604289495499,1.0000000000000012e-06,1.1417280841162876,1.0000000000000012e-06,1.0000000000000012e-06,0.5717111285407737,1.0000000000000012e-06,1.0000000000000012e-06,13.069509715759708,1.0000000000000012e-06,7.279293167643016,0.1143024386391878,0.1397942398575564,2185688.280761252,7948.705568650557,4.053406586853409,0.044,2801510.8688109056
119,1.00692806061823,0.11094162214270449,19.494733325390666,0.026604289495499,1.0000000000000012e-06,1.1417325246062158,1.0000000000000012e-06,1.0000000000000012e-06,0.5653510909661578,1.0000000000000012e-06,1.0000000000000012e-06,13.069509715759708,1.0000000000000012e-06,7.279293167643016,0.1143024386391878,0.1397942398575564,2185688.2806970864,8590.986820053344,4.064899856213839,0.044,2770227.1530627552
120,1.012443504920439,0.11094162214270449,19.494733325390666,0.026604289495499,1.0000000000000012e-06,1.1417323788642562,1.0000000000000012e-06,1.0000000000000012e-06,0.5680869315180296,1.0000000000000012e-06,1.0000000000000012e-06,13.069509715759708,1.0000000000000012e-06,7.279293167643016,0.1143024386391878,0.1397942398575564,2185688.280698301,8314.702227695832,4.0599558955058255,0.044,2786431.3109751735
121,1.055656391617965,0.11094162214270449,19.494733325390666,0.026604289495499,1.0000000000000012e-06,1.1417285864637334,1.0000000000000012e-06,1.0000000000000012e-06,0.5895219202537658,1.0000000000000012e-06,1.0000000000000012e-06,13.069509715759708,1.0000000000000012e-06,7.279293167643016,0.1143024386391878,0.1397942398575564,2185688.280703539,6150.047249374714,4.021220586127841,0.044,2891297.595249354
122,0.8778385078610044,0.11094162214270449,19.494733325390666,0.026604289495499,1.0000000000000012e-06,1.1417327634489622,1.0000000000000012e-06,1.0000000000000012e-06,0.5013171732406824,1.0000000000000012e-06,1.0000000000000012e-06,13.069509715759708,1.0000000000000012e-06,7.279293167643016,0.1143024386391878,0.1397942398575564,2185688.2806835463,15057.579423442145,4.1806159715441895,0.044,2456450.5217080708
123,1.058946570155981,0.11094162214270449,19.494733325390666,0.026604289495499,1.0000000000000012e-06,1.1417324336181038,1.0000000000000012e-06,1.0000000000000012e-06,0.5911539440788006,1.0000000000000012e-06,1.0000000000000012e-06,13.069509715759708,1.0000000000000012e-06,7.279293167643016,0.1143024386391878,0.1397942398575564,2185688.2807021844,5985.234380784194,4.018271350556788,0.044,2896381.9357916177
124,1.0623345842672258,0.11094162214270449,19.494733325390666,0.026604289495499,1.0000000000000012e-06,1.1417327049151205,1.0000000000000012e-06,1.0000000000000012e-06,0.5928345113954555,1.0000000000000012e-06,1.0000000000000012e-06,13.069509715759708,1.0000000000000012e-06,7.279293167643016,0.1143024386391878,0.1397942398575564,2185688.2807032284,5815.5188185271845,4.015234383985364,0.044,2905832.6671996866
125,1.0716593356420756,0.11094162214270449,19.494733325390666,0.026604289495499,1.0000000000000012e-06,1.1417324953680672,1.0000000000000012e-06,1.0000000000000012e-06,0.5974598557561737,1.0000000000000012e-06,1.0000000000000012e-06,13.069509715759708,1.0000000000000012e-06,7.279293167643016,0.1143024386391878,0.1397942398575564,2185688.280703193,5348.419317850869,4.006875895517354,0.044,2927516.4551322456
126,1.087987433695775,0.11094162214270449,19.494733325390666,0.026604289495499,1.0000000000000012e-06,1.141732740703217,1.0000000000000012e-06,1.0000000000000012e-06,0.6055588658304873,1.0000000000000012e-06,1.0000000000000012e-06,13.069509715759708,1.0000000000000012e-06,7.279293167643016,0.1143024386391878,0.1397942398575564,2185688.2807042156,4530.524903811059,3.9922401251579434,0.044,2964937.077352482
127,0.9336124392605154,0.11094162214270449,19.494733325390666,0.026604289495499,1.0000000000000012e-06,1.1417324769284976,1.0000000000000012e-06,1.0000000000000012e-06,0.5289837071310901,1.0000000000000012e-06,1.0000000000000012e-06,13.069509715759708,1.0000000000000012e-06,7.279293167643016,0.1143024386391878,0.1397942398575564,2185688.280689894,12263.619269755352,4.130619592431449,0.044,2593716.027382823
128,0.9110754069883467,0.11094162214270449,19.494733325390666,0.026604289495499,1.0000000000000012e-06,1.141732353238471,1.0000000000000012e-06,1.0000000000000012e-06,0.5178043338039556,1.0000000000000012e-06,1.0000000000000012e-06,13.069509715759708,1.0000000000000012e-06,7.279293167643016,0.1143024386391878,0.1397942398575564,2185688.280687199,13392.590708898888,4.150821914931912,0.044,2537215.8660845677
129,1.0362450339240656,0.11094162214270449,19.494733325390666,0.026604289495499,1.0000000000000012e-06,1.1417325021809335,1.0000000000000012e-06,1.0000000000000012e-06,0.5798932751145969,1.0000000000000012e-06,1.0000000000000012e-06,13.069509715759708,1.0000000000000012e-06,7.279293167643016,0.1143024386391878,0.1397942398575564,2185688.280699677,7122.415438928672,4.038620579670946,0.044,2841265.117346877
130,1.1368016815244983,0.11094162214270449,19.494733325390666,0.026604289495499,1.0000000000000012e-06,1.141732457131385,1.0000000000000012e-06,1.0000000000000012e-06,0.6297722471536551,1.0000000000000012e-06,1.0000000000000012e-06,13.069509715759708,1.0000000000000012e-06,7.279293167643016,0.1143024386391878,0.1397942398575564,2185688.2807089505,2085.2883680178816,3.948483963243243,0.044,3083948.551450693
131,1.1045327502558058,0.11094162214270449,19.494733325390666,0.026604289495499,1.0000000000000012e-06,1.1417317015151862,1.0000000000000012e-06,1.0000000000000012e-06,0.6137660282295159,1.0000000000000012e-06,1.0000000000000012e-06,13.069509715759708,1.0000000000000012e-06,7.279293167643016,0.1143024386391878,0.1397942398575564,2185688.280713374,3701.707913389183,3.9774089013206386,0.044,3008441.071773693
132,0.9437085648152996,0.11094162214270449,19.494733325390666,0.026604289495499,1.0000000000000012e-06,1.1417324911932614,1.0000000000000012e-06,1.0000000000000012e-06,0.533991809223845,1.0000000000000012e-06,1.0000000000000012e-06,13.069509715759708,1.0000000000000012e-06,7.279293167643016,0.1143024386391878,0.1397942398575564,2185688.2806906383,11757.86629252781,4.121569421277246,0.044,2616533.6975519895
133,1.0594145287706271,0.11094162214270449,19.494733325390666,0.026604289495499,1.0000000000000012e-06,1.1417325650477568,1.0000000000000012e-06,1.0000000000000012e-06,0.5913860669784154,1.0000000000000012e-06,1.0000000000000012e-06,13.069509715759708,1.0000000000000012e-06,7.279293167643016,0.1143024386391878,0.1397942398575564,2185688.280699871,5961.7929706191435,4.017851879420153,0.044,2897757.6553616775
134,1.0678528365958933,0.11094162214270449,19.494733325390666,0.026604289495499,1.0000000000000012e-06,1.141732372323378,1.0000000000000012e-06,1.0000000000000012e-06,0.5955717288079574,1.0000000000000012e-06,1.0000000000000012e-06,13.069509715759708,1.0000000000000012e-06,7.279293167643016,0.1143024386391878,0.1397942398575564,2185688.2807050645,5539.095434126468,4.010287939671242,0.044,2919574.486817916
135,1.0084492494640906,0.11094162214270449,19.494733325390666,0.026604289495499,1.0000000000000012e-06,1.1417326484763748,1.0000000000000012e-06,1.0000000000000012e-06,0.5661056520803643,1.0000000000000012e-06,1.0000000000000012e-06,13.069509715759708,1.0000000000000012e-06,7.279293167643016,0.1143024386391878,0.1397942398575564,2185688.280697953,8514.78588673975,4.063536282455567,0.044,2774657.800852234
136,0.9913704565714481,0.11094162214270449,19.494733325390666,0.026604289495499,1.0000000000000012e-06,1.1417170559399747,1.0000000000000012e-06,1.0000000000000012e-06,0.5576338710826112,1.0000000000000012e-06,1.0000000000000012e-06,13.069509715759708,1.0000000000000012e-06,7.279293167643016,0.1143024386391878,0.1397942398575564,2185688.2806145293,9370.325873955164,4.07884569947897,0.044,2732309.579579158
137,0.7659152125122738,0.11094162214270449,19.494733325390666,0.026604289495499,1.0000000000000012e-06,1.1417326263805274,1.0000000000000012e-06,1.0000000000000012e-06,0.4457953849234191,1.0000000000000012e-06,1.0000000000000012e-06,13.069509715759708,1.0000000000000012e-06,7.279293167643016,0.1143024386391878,0.1397942398575564,2185688.2806721665,20664.557692762333,4.280949761511348,0.044,2184376.249401232
